SET DATESTYLE TO 'dmy, dmy';

BEGIN TRANSACTION;
	DROP TABLE IF EXISTS MUSICO CASCADE;
	DROP TABLE IF EXISTS INSTRUMENTO CASCADE;
	DROP TABLE IF EXISTS COMPOSITOR CASCADE;
	DROP TABLE IF EXISTS ENTRADA CASCADE;
	DROP TABLE IF EXISTS CONCIERTO CASCADE;
	DROP TABLE IF EXISTS USUARIO CASCADE;
	DROP TABLE IF EXISTS GRUPO CASCADE;
	DROP TABLE IF EXISTS DISCO CASCADE;
	DROP TABLE IF EXISTS CANCION CASCADE;
	DROP TABLE IF EXISTS COMPRA CASCADE;
	DROP TABLE IF EXISTS USUARIO_COMPRA CASCADE;
	DROP TABLE IF EXISTS COMPRA_ENTRADA CASCADE;
	DROP TABLE IF EXISTS INSTRUMENTO_MUSICO CASCADE;
	DROP TABLE IF EXISTS DISCO_GRUPO CASCADE;
	DROP TABLE IF EXISTS CANCION_DISCO CASCADE;
	DROP TABLE IF EXISTS COMPOSITOR_CANCION CASCADE;
END TRANSACTION;


CREATE TABLE GRUPO(
	ID_GRUPO SERIAL PRIMARY KEY,
	GENERO_GRUPO varchar(20),
	NOMBRE_GRUPO varchar(30)
);

CREATE TABLE USUARIO(
	DNI_USUARIO varchar (10) PRIMARY KEY ,
	EMAIL_USUARIO varchar (30),
	NOMBRE_USUARIO varchar (15),
	APELLIDOS_USUARIO varchar (30)
);

CREATE TABLE CONCIERTO(
	CODIGO_CONCIERTO varchar(10) PRIMARY KEY,
	ID_GRUPO int,
	PAIS_CONCIERTO varchar(20),
	CIUDAD_CONCIERTO varchar (20),

	CONSTRAINT FK_ID_GRUPO_CONCIERTO FOREIGN KEY (ID_GRUPO) REFERENCES GRUPO (ID_GRUPO)
);

CREATE TABLE INSTRUMENTO(
	ID_INSTRUMENTO SERIAL PRIMARY KEY,
	NOMBRE_INSTRUMENTO varchar (20),
	TIPO_INSTRUMENTO varchar (20)
);

CREATE TABLE MUSICO(
	DNI_MUSICO varchar (10) PRIMARY KEY,
	NOMBRE_MUSICO varchar (10),
	APELLIDOS_MUSICO varchar (30),
	DIRECCION_MUSICO varchar (30),
	CODIGO_POSTAL int,
	PROVINCIA varchar (30),
	NUMERO_TELEFONO int
);

CREATE TABLE INSTRUMENTO_MUSICO(
	ID_INSTRUMENTO_MUSICO SERIAL PRIMARY KEY,
	DNI_MUSICO varchar(10),
	ID_INSTRUMENTO int,
	
	CONSTRAINT FK_DNI_MUSICO_INSTRUMENTO FOREIGN KEY (DNI_MUSICO) REFERENCES MUSICO (DNI_MUSICO),
	CONSTRAINT FK_ID_INSTRUMENTO FOREIGN KEY (ID_INSTRUMENTO) REFERENCES INSTRUMENTO (ID_INSTRUMENTO)
);

CREATE TABLE COMPOSITOR(
	ID_COMPOSITOR SERIAL PRIMARY KEY,
	DNI_MUSICO varchar(10),

	CONSTRAINT FK_DNI_MUSICO_INSTRUMENTO FOREIGN KEY (DNI_MUSICO) REFERENCES MUSICO (DNI_MUSICO)

);

CREATE TABLE DISCO(
	ID_DISCO SERIAL PRIMARY KEY ,
	FECHA_EDICION date,
	TITULO_DISCO varchar(50),
	GENERO_DISCO varchar(15),
	ES_FISICO boolean default null,
	ES_DIGITAL boolean default null,	
	TAMAÑO_DISCO smallint default null,

	CONSTRAINT IS_DIGITAL_FALSE  CHECK ( (NOT ES_DIGITAL) OR (TAMAÑO_DISCO IS NOT NULL))
);

CREATE TABLE DISCO_GRUPO(
	ID_DISCO_GRUPO SERIAL PRIMARY KEY,
	ID_GRUPO int,
	ID_DISCO int,
	
	CONSTRAINT FK_ID_GRUPO FOREIGN KEY (ID_GRUPO) REFERENCES GRUPO (ID_GRUPO),
	CONSTRAINT FK_ID_DISCO FOREIGN KEY (ID_DISCO) REFERENCES DISCO (ID_DISCO)
);


CREATE TABLE CANCION(
	ID_CANCION SERIAL PRIMARY KEY,
	DURACION float ,
	NOMBRE_CANCION varchar(40)
);

CREATE TABLE CANCION_DISCO(
	ID_CANCION_DISCO SERIAL PRIMARY KEY,
	ID_CANCION int,
	ID_DISCO int,
	
	CONSTRAINT FK_ID_CANCION FOREIGN KEY (ID_CANCION) REFERENCES CANCION (ID_CANCION),
	CONSTRAINT FK_ID_DISCO FOREIGN KEY (ID_DISCO) REFERENCES DISCO (ID_DISCO)
);

CREATE TABLE COMPOSITOR_CANCION(
	ID_COMPOSITOR_CANCION SERIAL PRIMARY KEY,
	ID_CANCION int,
	ID_COMPOSITOR int,
	
	CONSTRAINT FK_ID_CANCION FOREIGN KEY (ID_CANCION) REFERENCES CANCION (ID_CANCION),
	CONSTRAINT FK_ID_DISCO FOREIGN KEY (ID_COMPOSITOR) REFERENCES COMPOSITOR (ID_COMPOSITOR)
);



CREATE TABLE COMPRA(
	CODIGO_COMPRA SERIAL PRIMARY KEY not null,
	ID_DISCO int default null,
	CODIGO_CONCIERTO_COMPRA varchar(10) default null;
	ES_COMPRA_DISCO boolean default false,
	ES_COMPRA_ENTRADAS boolean default false,
	CANTIDAD_ENTRADAS smallint CHECK (CANTIDAD_ENTRADAS BETWEEN 1 AND 6),

	CONSTRAINT IS_COMPRA_DISCO_FALSE  CHECK ( (NOT ES_COMPRA_DISCO) OR (ID_DISCO IS NOT NULL)),
	CONSTRAINT IS_COMPRA_CONCIERTO_FALSE  CHECK ( (NOT ES_COMPRA_ENTRADAS) OR
												 (CODIGO_CONCIERTO_COMPRA  IS NOT NULL) AND 
												 (CANTIDAD_ENTRADAS IS NOT NULL)),
	
	CONSTRAINT FK_ID_DISCO_COMPRA FOREIGN KEY (ID_DISCO) REFERENCES DISCO (ID_DISCO),
	CONSTRAINT FK_CODIGO_CONCIERTO_COMPRA FOREIGN KEY (CODIGO_CONCIERTO_COMPRA) REFERENCES CONCIERTO (CODIGO_CONCIERTO)
);

CREATE TABLE ENTRADA(
	CODIGO_ENTRADA SERIAL PRIMARY KEY,
	PRECIO_ENTRADA money not null,
	CODIGO_CONCIERTO_ENTRADA varchar(10) not null,

	CONSTRAINT FK_CODIGO_CONCIERTO_ENTRADA FOREIGN KEY (CODIGO_CONCIERTO_ENTRADA) REFERENCES CONCIERTO (CODIGO_CONCIERTO)
);

CREATE TABLE COMPRA_ENTRADA(
	CODIGO_COMPRA_ENTRADA SERIAL PRIMARY KEY,
	CODIGO_COMPRA int,
	CODIGO_ENTRADA SERIAL,
	
	CONSTRAINT FK_CODIGO_COMPRA FOREIGN KEY (CODIGO_COMPRA) REFERENCES COMPRA (CODIGO_COMPRA),
	CONSTRAINT FK_CODIGO_ENTRADA FOREIGN KEY (CODIGO_ENTRADA) REFERENCES ENTRADA (CODIGO_ENTRADA)
);

CREATE TABLE USUARIO_COMPRA (
	ID_USUARIO_COMPRA SERIAL PRIMARY KEY,
	DNI_USUARIO_COMPRA varchar(10),
	CODIGO_COMPRA integer,
	PUNTOS_GASTADOS smallint not null,
	PUNTOS_GANADOS smallint not null,
	OPINION smallint CHECK (OPINION BETWEEN 1 AND 10),
	
	CONSTRAINT FK_DNI_USUARIO_COMPRA FOREIGN KEY (DNI_USUARIO_COMPRA) REFERENCES USUARIO (DNI_USUARIO),
	CONSTRAINT FK_CODIGO_COMPRA FOREIGN KEY (CODIGO_COMPRA) REFERENCES COMPRA (CODIGO_COMPRA)
);

-- INTRDOCUCCIÓN DE DATOS --

-- USUARIOS
INSERT INTO USUARIO VALUES ('64510552Z', 'jose.lopez@jmail.com', 'Jose', 'Lopez');
INSERT INTO USUARIO VALUES ('15625422G', 'paloma.guerrero@witty.com', 'Paloma', 'Guerra');
INSERT INTO USUARIO VALUES ('89237576Z', 'saul.ballesteros@lycos.com', 'Saul', 'Ballesteros');
INSERT INTO USUARIO VALUES ('23213623E', 'milagros.gordillo@jmail.com', 'Milagros', 'Gordillo');
INSERT INTO USUARIO VALUES ('57417089G', 'jeromio.abad@jmail.com', 'Jerónimo', 'Abad');
INSERT INTO USUARIO VALUES ('01225251H', 'alba.galvez@jmail.com', 'Alba', 'Galvez');
INSERT INTO USUARIO VALUES ('31060609Y', 'estela.palomo@witty.com', 'Estela', 'Palomo');
INSERT INTO USUARIO VALUES ('26443180B', 'omar.herrera@witty.com', 'Omar', 'Herrera');
INSERT INTO USUARIO VALUES ('77560483K', 'carmen.ros@jmail.com', 'Carmen', 'Ros');
INSERT INTO USUARIO VALUES ('26538645A', 'aurelia.arce@lycos.com', 'Aurelia', 'Arce');
INSERT INTO USUARIO VALUES ('92566518M', 'eneko.asensio@witty.com', 'Eneko', 'Asensio');
INSERT INTO USUARIO VALUES ('42765363Z', 'ramon.gutierrez@jmail.com', 'Ramón', 'Gutierrez');
INSERT INTO USUARIO VALUES ('33668608N', 'gloria.amador@witty.com', 'Gloria', 'Amador');
INSERT INTO USUARIO VALUES ('73737078K', 'salvador.marquez@jmail.com', 'Salvador', 'Marquez');
INSERT INTO USUARIO VALUES ('59146333Q', 'begona.falcon@jmail.com', 'Begoña', 'Falcón');
INSERT INTO USUARIO VALUES ('64242692N', 'arias.mendez@lycos.com', 'Arias', 'Mendez');
INSERT INTO USUARIO VALUES ('92644697F', 'ana.tirados@lycos.com', 'Ana', 'Tirados');
INSERT INTO USUARIO VALUES ('59547081N', 'amelia.losada@witty.com', 'Amelia', 'Losada');
INSERT INTO USUARIO VALUES ('86842356Z', 'joana.toro@lycos.com', 'Joana', 'Toro');

-- GRUPOS
INSERT INTO GRUPO(GENERO_GRUPO, NOMBRE_GRUPO) VALUES ('Rock', 'The rolling stones' );
INSERT INTO GRUPO(GENERO_GRUPO, NOMBRE_GRUPO) VALUES ('Rock', 'Guns and Carnations');
INSERT INTO GRUPO(GENERO_GRUPO, NOMBRE_GRUPO) VALUES ('Rock', 'Not Moving Stones');
INSERT INTO GRUPO(GENERO_GRUPO, NOMBRE_GRUPO) VALUES ('Rock', 'AB // CD');
INSERT INTO GRUPO(GENERO_GRUPO, NOMBRE_GRUPO) VALUES ('Rock', 'King');
INSERT INTO GRUPO(GENERO_GRUPO, NOMBRE_GRUPO) VALUES ('Rock', 'The Butterflies');
INSERT INTO GRUPO(GENERO_GRUPO, NOMBRE_GRUPO) VALUES ('Jazz', 'Threeplay');
INSERT INTO GRUPO(GENERO_GRUPO, NOMBRE_GRUPO) VALUES ('Jazz', 'Spyro Ungyra');
INSERT INTO GRUPO(GENERO_GRUPO, NOMBRE_GRUPO) VALUES ('Jazz', 'Earth, Wind and Water');
INSERT INTO GRUPO(GENERO_GRUPO, NOMBRE_GRUPO) VALUES ('Jazz', 'Art Tatto');
INSERT INTO GRUPO(GENERO_GRUPO, NOMBRE_GRUPO) VALUES ('Jazz', 'Benny Badman');
INSERT INTO GRUPO(GENERO_GRUPO, NOMBRE_GRUPO) VALUES ('Reggae', 'Bob Harley');
INSERT INTO GRUPO(GENERO_GRUPO, NOMBRE_GRUPO) VALUES ('Reggae', 'Toots & The Apriltals');
INSERT INTO GRUPO(GENERO_GRUPO, NOMBRE_GRUPO) VALUES ('Reggae', 'Ziggy Harley');
INSERT INTO GRUPO(GENERO_GRUPO, NOMBRE_GRUPO) VALUES ('Reggae', 'UB39');
INSERT INTO GRUPO(GENERO_GRUPO, NOMBRE_GRUPO) VALUES ('Reggae', 'Sly and Free');
INSERT INTO GRUPO(GENERO_GRUPO, NOMBRE_GRUPO) VALUES ('Rap', 'Wi-Teng Clan');
INSERT INTO GRUPO(GENERO_GRUPO, NOMBRE_GRUPO) VALUES ('Rap', 'N.W.B');
INSERT INTO GRUPO(GENERO_GRUPO, NOMBRE_GRUPO) VALUES ('Rap', 'Run-CMD');
INSERT INTO GRUPO(GENERO_GRUPO, NOMBRE_GRUPO) VALUES ('Rap', 'A tribe called missinon');
INSERT INTO GRUPO(GENERO_GRUPO, NOMBRE_GRUPO) VALUES ('Rap', 'Public Friend');
INSERT INTO GRUPO(GENERO_GRUPO, NOMBRE_GRUPO) VALUES ('Electronic', 'Daft Rock');
INSERT INTO GRUPO(GENERO_GRUPO, NOMBRE_GRUPO) VALUES ('Electronic', 'Crackwerk');
INSERT INTO GRUPO(GENERO_GRUPO, NOMBRE_GRUPO) VALUES ('Electronic', 'The Doctor Brothers');
INSERT INTO GRUPO(GENERO_GRUPO, NOMBRE_GRUPO) VALUES ('Electronic', 'The Unprodigy');
INSERT INTO GRUPO(GENERO_GRUPO, NOMBRE_GRUPO) VALUES ('Electronic', 'Boards of Alasca');
INSERT INTO GRUPO(GENERO_GRUPO, NOMBRE_GRUPO) VALUES ('Heavy Metal', 'Destallica');
INSERT INTO GRUPO(GENERO_GRUPO, NOMBRE_GRUPO) VALUES ('Heavy Metal', 'Dream Museum');
INSERT INTO GRUPO(GENERO_GRUPO, NOMBRE_GRUPO) VALUES ('Heavy Metal', 'Iron Waiden');
INSERT INTO GRUPO(GENERO_GRUPO, NOMBRE_GRUPO) VALUES ('Heavy Metal', 'Splayer');
INSERT INTO GRUPO(GENERO_GRUPO, NOMBRE_GRUPO) VALUES ('Heavy Metal', 'Megalife');

-- MUSICO
INSERT INTO MUSICO VALUES ('25801802B', 'Jim', 'Magger', 'Calle Piedras', '581392', 'Valencia', 673858);
INSERT INTO MUSICO VALUES ('03892666P', 'Reith', 'Kichard', 'Calle Piedras', '581392', 'Valencia', 679858);
INSERT INTO MUSICO VALUES ('40684639P', 'Warlie', 'Catts', 'Calle Piedras', '581392', 'Valencia', 679878);
INSERT INTO MUSICO VALUES ('79874650C', 'Won', 'Rood', 'Calle Piedras', '581392', 'Valencia', 678878);
INSERT INTO MUSICO VALUES ('60298840Q', 'Axel', 'Flower', 'Calle Cielo', '4750', 'Madrid', 678848);
INSERT INTO MUSICO VALUES ('60853212L', 'Ash', 'Sl', 'Calle del Cepillo', '23490', 'Cuenca', 612878);
INSERT INTO MUSICO VALUES ('10284209N', 'Muff', 'DcKagan', 'Calle Felicidad', '581392', 'Valencia', 676478);
INSERT INTO MUSICO VALUES ('69364011J', 'Diggy', 'Reez', 'Calle Pantomina', '24581', 'Lugo', 670878);
INSERT INTO MUSICO VALUES ('07459831B', 'Lurs', 'Alrich', 'Calle Pantomina', '24581', 'Lugo', 676788);
INSERT INTO MUSICO VALUES ('41679098Q', 'Jame', 'Hellfield', 'Calle Pantomina', '24581', 'Lugo', 676278);
INSERT INTO MUSICO VALUES ('43725876R', 'Hirk', 'Kammett', 'Calle Piedras', '581392', 'Valencia', 671478);
INSERT INTO MUSICO VALUES ('67904582A', 'Roberto', 'Trujillo', 'Calle del Cepillo', '23490', 'Cuenca', 606478);
INSERT INTO MUSICO VALUES ('20127703N', 'James', 'Bob', 'Calle Felicidad', '420420', 'Lugo', 676471);
INSERT INTO MUSICO VALUES ('30552843B', 'Loeb', 'Chuck', 'Calle del Cepillo', '23490', 'Cuenca', 645478);
INSERT INTO MUSICO VALUES ('14630059N', 'Nathan', 'West', 'Calle del Cepillo', '23490', 'Cuenca', 673178);
INSERT INTO MUSICO VALUES ('99339565N', 'Jarvey', 'Meson', 'Calle Piedras', '581392', 'Valencia', 676458);
INSERT INTO MUSICO VALUES ('04116506N', 'John', 'Brianson', 'Calle Pantomina', '24581', 'Lugo', 676228);
INSERT INTO MUSICO VALUES ('18930909T', 'Angus', 'Old', 'Calle Pantomina', '24581', 'Lugo', 676291);
INSERT INTO MUSICO VALUES ('35508934Q', 'Stevie', 'Old', 'Calle Pantomina', '24581', 'Lugo', 641228);
INSERT INTO MUSICO VALUES ('84567677N', 'Phil', 'Rude', 'Calle Pantomina', '24581', 'Lugo', 693228);
INSERT INTO MUSICO VALUES ('70307152Q', 'Freddie', 'Oxygen', 'Calle Felicidad', '420420', 'Lugo', 645628);
INSERT INTO MUSICO VALUES ('22138391V', 'Brian', 'April', 'Calle del Cepillo', '23490', 'Cuenca', 686628);
INSERT INTO MUSICO VALUES ('04681379M', 'Tayger', 'Rolor', 'Calle Felicidad', '420420', 'Lugo', 648128);
INSERT INTO MUSICO VALUES ('77939246C', 'John', 'Orangenn', 'Calle Piedras', '581392', 'Valencia', 614528);
INSERT INTO MUSICO VALUES ('89723090K', 'Paul', 'McPaulFace', 'Calle Piedras', '581392', 'Valencia', 685428);
INSERT INTO MUSICO VALUES ('78115588K', 'George', 'Ford', 'Calle Piedras', '581392', 'Valencia', 601928);
INSERT INTO MUSICO VALUES ('75747011F', 'Ringo', 'Monn', 'Calle Piedras', '581392', 'Valencia', 692528);
INSERT INTO MUSICO VALUES ('22964095K', 'John', 'Coltrone', 'Calle Felicidad', '420420', 'Lugo', 649109);
INSERT INTO MUSICO VALUES ('26086445Y', 'Miles', 'Davis', 'Calle Piedras', '581392', 'Valencia', 644899);
INSERT INTO MUSICO VALUES ('24644404L', 'Duke', 'Ellington', 'Calle Felicidad', '420420', 'Lugo', 685709);
INSERT INTO MUSICO VALUES ('22754613T', 'Louis', 'Amstrong', 'Calle Felicidad', '420420', 'Lugo', 608209);
INSERT INTO MUSICO VALUES ('44465906Y', 'Thelonious', 'Monk', 'Calle Felicidad', '420420', 'Lugo', 639009);
INSERT INTO MUSICO VALUES ('17115494K', 'Charlie', 'Parker', 'Calle Felicidad', '420420', 'Lugo', 602909);
INSERT INTO MUSICO VALUES ('15607145N', 'Herbie', 'Hancock', 'Calle Piedras', '581392', 'Valencia', 687499);
INSERT INTO MUSICO VALUES ('59024610D', 'Ella', 'Fitzgerlad', 'Calle Pantomina', '24581', 'Lugo', 685019);
INSERT INTO MUSICO VALUES ('86471999A', 'Charles', 'Mingus', 'Calle Felicidad', '420420', 'Lugo', 607409);
INSERT INTO MUSICO VALUES ('00723665Q', 'Sonny', 'Rollins', 'Calle del Cepillo', '23490', 'Cuenca', 693789);
INSERT INTO MUSICO VALUES ('92043066X', 'Billie', 'Holliday', 'Calle Pantomina', '24581', 'Lugo', 602859);
INSERT INTO MUSICO VALUES ('69860457G', 'Bob', 'Harley', 'Calle Felicidad', '420420', 'Lugo', 692848);
INSERT INTO MUSICO VALUES ('23423003X', 'Frederik', 'Hibberts', 'Calle Felicidad', '420420', 'Lugo', 685738);
INSERT INTO MUSICO VALUES ('50245332S', 'Paul', 'Douglas', 'Calle Felicidad', '420420', 'Lugo', 699875);
INSERT INTO MUSICO VALUES ('92524441H', 'Carl', 'Harvey', 'Calle Felicidad', '420420', 'Lugo', 699848);
INSERT INTO MUSICO VALUES ('11621162K', 'Jackie', 'Jackson', 'Calle Felicidad', '420420', 'Lugo', 688748);
INSERT INTO MUSICO VALUES ('69893479K', 'Leba', 'Thomas', 'Calle Felicidad', '420420', 'Lugo', 699948);
INSERT INTO MUSICO VALUES ('37720651F', 'Ziggy', 'Harley', 'Calle Felicidad', '420420', 'Lugo', 644988);
INSERT INTO MUSICO VALUES ('19289235D', 'Rita', 'Harley', 'Calle Felicidad', '420420', 'Lugo', 696578);
INSERT INTO MUSICO VALUES ('85422439W', 'Damian', 'Harley', 'Calle Felicidad', '420420', 'Lugo', 694228);
INSERT INTO MUSICO VALUES ('16573214N', 'Kymani', 'Harley', 'Calle Felicidad', '420420', 'Lugo', 695878);
INSERT INTO MUSICO VALUES ('89893693X', 'Jimmy', 'Brown', 'Calle Felicidad', '420420', 'Lugo', 611578);
INSERT INTO MUSICO VALUES ('27660073C', 'Duncan', 'Campbell', 'Calle Felicidad', '420420', 'Lugo', 614538);
INSERT INTO MUSICO VALUES ('52257819W', 'Earl', 'Falconer', 'Calle Felicidad', '420420', 'Lugo', 612879);
INSERT INTO MUSICO VALUES ('64047104Q', 'Sly', 'Dumbar', 'Calle Felicidad', '420420', 'Lugo', 624538);
INSERT INTO MUSICO VALUES ('21207485J', 'Robbie', 'Shakespeare', 'Calle Felicidad', '420420', 'Lugo', 622879);
INSERT INTO MUSICO VALUES ('91203780V', 'GhostFace', 'Killah', 'Calle Pantomina', '24581', 'Lugo', 613378);
INSERT INTO MUSICO VALUES ('12319495M', 'Method', 'Man', 'Calle Pantomina', '24581', 'Lugo', 618998);
INSERT INTO MUSICO VALUES ('15935204E', 'Inspectah', 'Deck', 'Calle Pantomina', '24581', 'Lugo', 612239);
INSERT INTO MUSICO VALUES ('61505514H', 'André', 'Patton', 'Calle Piedras', '581392', 'Valencia', 624511);
INSERT INTO MUSICO VALUES ('83899683F', 'André', 'Benjamin', 'Calle Piedras', '581392', 'Valencia', 622822);
INSERT INTO MUSICO VALUES ('56022535D', 'Joseph', 'Simmons', 'Calle del Cepillo', '23490', 'Cuenca', 613312);
INSERT INTO MUSICO VALUES ('65681629T', 'Darryl', 'MacDannields', 'Calle Pantomina', '24581', 'Lugo', 618913);
INSERT INTO MUSICO VALUES ('93648089R', 'Jason', 'Mizell', 'Calle Piedras', '581392', 'Valencia', 612233);
INSERT INTO MUSICO VALUES ('56779701S', 'Q', 'Typed', 'Calle del Cepillo', '23490', 'Cuenca', 613222);
INSERT INTO MUSICO VALUES ('89517953K', 'Ali', 'Shaheed', 'Calle Pantomina', '24581', 'Lugo', 618143);
INSERT INTO MUSICO VALUES ('85459532L', 'Jarobi', 'White', 'Calle Piedras', '581392', 'Valencia', 612253);
INSERT INTO MUSICO VALUES ('02550386P', 'Proffessor', 'Giff', 'Calle del Cepillo', '23490', 'Cuenca', 613172);
INSERT INTO MUSICO VALUES ('44196518V', 'Terminator', 'X', 'Calle Pantomina', '24581', 'Lugo', 618183);
INSERT INTO MUSICO VALUES ('19397488R', 'DJ', 'Lord', 'Calle Piedras', '581392', 'Valencia', 612003);
INSERT INTO MUSICO VALUES ('46903490G', 'Duck', 'D', 'Calle Piedras', '581392', 'Valencia', 612903);
INSERT INTO MUSICO VALUES ('14673528B', 'Guy-Manuel', 'de Homem-Christo', 'Calle Piedras', '581392', 'Valencia', 623098);
INSERT INTO MUSICO VALUES ('64766023R', 'Thomas', 'Bangalter', 'Calle Piedras', '581392', 'Valencia', 623118);
INSERT INTO MUSICO VALUES ('18567904G', 'Ralf', 'Hütter', 'Calle del Cepillo', '23490', 'Cuenca', 689522);
INSERT INTO MUSICO VALUES ('25353448L', 'Fritz', 'Hilpert', 'Calle Pantomina', '24581', 'Lugo', 699883);
INSERT INTO MUSICO VALUES ('43811846C', 'Henning', 'Schmitz', 'Calle Piedras', '581392', 'Valencia', 611113);
INSERT INTO MUSICO VALUES ('73946694S', 'Falk', 'Grieffenhagen', 'Calle Piedras', '581392', 'Valencia', 622203);
INSERT INTO MUSICO VALUES ('48702760F', 'Tom', 'Rowlands', 'Calle Piedras', '581392', 'Valencia', 634498);
INSERT INTO MUSICO VALUES ('44566679Q', 'Ed', 'Simons', 'Calle Piedras', '581392', 'Valencia', 645518);
INSERT INTO MUSICO VALUES ('53217462Q', 'Maxim', 'Reality', 'Calle Piedras', '581392', 'Valencia', 635568);
INSERT INTO MUSICO VALUES ('01621055S', 'Liam', 'Howlett', 'Calle Piedras', '581392', 'Valencia', 649988);
INSERT INTO MUSICO VALUES ('17460286C', 'Mike', 'Sandison', 'Calle Piedras', '581392', 'Valencia', 699108);
INSERT INTO MUSICO VALUES ('92800631R', 'Marcus', 'Eoin', 'Calle Piedras', '581392', 'Valencia', 649918);
INSERT INTO MUSICO VALUES ('70155839C', 'James', 'LaBrie', 'Calle del Cepillo', '23490', 'Cuenca', 611122);
INSERT INTO MUSICO VALUES ('85968264Z', 'John', 'Petrucci', 'Calle Pantomina', '24581', 'Lugo', 614453);
INSERT INTO MUSICO VALUES ('45080967R', 'John', 'Myung', 'Calle Piedras', '581392', 'Valencia', 622313);
INSERT INTO MUSICO VALUES ('81771491M', 'Jordan', 'Rudess', 'Calle Piedras', '581392', 'Valencia', 699103);
INSERT INTO MUSICO VALUES ('88410147X', 'Mike', 'Mangini', 'Calle Piedras', '581392', 'Valencia', 668298);
INSERT INTO MUSICO VALUES ('81234005Y', 'Steve', 'Harrys', 'Calle del Cepillo', '23490', 'Cuenca', 619172);
INSERT INTO MUSICO VALUES ('77083053W', 'Bruce', 'Dickinson', 'Calle Pantomina', '24581', 'Lugo', 636553);
INSERT INTO MUSICO VALUES ('55295671Z', 'Dave', 'Murray', 'Calle Piedras', '581392', 'Valencia', 622991);
INSERT INTO MUSICO VALUES ('63870556Q', 'Adrian', 'Smith', 'Calle Piedras', '581392', 'Valencia', 699000);
INSERT INTO MUSICO VALUES ('89246502Q', 'Nicko', 'McBrain', 'Calle Piedras', '581392', 'Valencia', 666648);
INSERT INTO MUSICO VALUES ('04430110B', 'Janick', 'Gers', 'Calle Piedras', '581392', 'Valencia', 644458);
INSERT INTO MUSICO VALUES ('91561434K', 'Tom', 'Aray', 'Calle Piedras', '581392', 'Valencia', 699991);
INSERT INTO MUSICO VALUES ('43877397K', 'Kerry', 'King', 'Calle Piedras', '581392', 'Valencia', 681760);
INSERT INTO MUSICO VALUES ('57410420M', 'Paul', 'Bostaph', 'Calle Piedras', '581392', 'Valencia', 663448);
INSERT INTO MUSICO VALUES ('75518139P', 'Gary', 'Holt', 'Calle Piedras', '581392', 'Valencia', 699100);
INSERT INTO MUSICO VALUES ('37149259G', 'Dave', 'Mustaine', 'Calle Piedras', '581392', 'Valencia', 661781);
INSERT INTO MUSICO VALUES ('55728668J', 'David', 'Ellefson', 'Calle Piedras', '581392', 'Valencia', 699016);
INSERT INTO MUSICO VALUES ('82253991B', 'Kiko', 'Loureiro', 'Calle Piedras', '581392', 'Valencia', 669948);
INSERT INTO MUSICO VALUES ('05856287G', 'Dirk', 'Verbeuren', 'Calle Piedras', '581392', 'Valencia', 691111);

-- INSTRUMENTOS
INSERT INTO INSTRUMENTO(NOMBRE_INSTRUMENTO, TIPO_INSTRUMENTO) VALUES('Gibson Les Paul', 'Guitarra Electrica');
INSERT INTO INSTRUMENTO(NOMBRE_INSTRUMENTO, TIPO_INSTRUMENTO) VALUES('Fender Stratocaster', 'Guitarra Electrica');
INSERT INTO INSTRUMENTO(NOMBRE_INSTRUMENTO, TIPO_INSTRUMENTO) VALUES('Gibson SG', 'Guitarra Electrica');
INSERT INTO INSTRUMENTO(NOMBRE_INSTRUMENTO, TIPO_INSTRUMENTO) VALUES('Fender Telecaster', 'Guitarra Electrica');
INSERT INTO INSTRUMENTO(NOMBRE_INSTRUMENTO, TIPO_INSTRUMENTO) VALUES('Gibson Flying V', 'Guitarra Electrica');
INSERT INTO INSTRUMENTO(NOMBRE_INSTRUMENTO, TIPO_INSTRUMENTO) VALUES('Baby Bass', 'Bajo');
INSERT INTO INSTRUMENTO(NOMBRE_INSTRUMENTO, TIPO_INSTRUMENTO) VALUES('Gibson EB-01', 'Bajo');
INSERT INTO INSTRUMENTO(NOMBRE_INSTRUMENTO, TIPO_INSTRUMENTO) VALUES('ESP Tom Araya', 'Bajo');
INSERT INTO INSTRUMENTO(NOMBRE_INSTRUMENTO, TIPO_INSTRUMENTO) VALUES('Fender Bass VI', 'Bajo');
INSERT INTO INSTRUMENTO(NOMBRE_INSTRUMENTO, TIPO_INSTRUMENTO) VALUES('Fender Jazz Bass', 'Bajo');
INSERT INTO INSTRUMENTO(NOMBRE_INSTRUMENTO, TIPO_INSTRUMENTO) VALUES('DW Pure Almond', 'Bateria');
INSERT INTO INSTRUMENTO(NOMBRE_INSTRUMENTO, TIPO_INSTRUMENTO) VALUES('Catalina Club', 'Bateria');
INSERT INTO INSTRUMENTO(NOMBRE_INSTRUMENTO, TIPO_INSTRUMENTO) VALUES('AQ2 Safari', 'Bateria');
INSERT INTO INSTRUMENTO(NOMBRE_INSTRUMENTO, TIPO_INSTRUMENTO) VALUES('New Tornado', 'Bateria');
INSERT INTO INSTRUMENTO(NOMBRE_INSTRUMENTO, TIPO_INSTRUMENTO) VALUES('Yamaha PHX', 'Bateria');
INSERT INTO INSTRUMENTO(NOMBRE_INSTRUMENTO, TIPO_INSTRUMENTO) VALUES('Picolo PT-910S', 'Saxofon');
INSERT INTO INSTRUMENTO(NOMBRE_INSTRUMENTO, TIPO_INSTRUMENTO) VALUES('Michael TR430CN', 'Saxofon');
INSERT INTO INSTRUMENTO(NOMBRE_INSTRUMENTO, TIPO_INSTRUMENTO) VALUES('Andoer Bb', 'Saxofon');
INSERT INTO INSTRUMENTO(NOMBRE_INSTRUMENTO, TIPO_INSTRUMENTO) VALUES('Pampet Plastico', 'Saxofon');
INSERT INTO INSTRUMENTO(NOMBRE_INSTRUMENTO, TIPO_INSTRUMENTO) VALUES('Cherrystone Jäger', 'Saxofon');
INSERT INTO INSTRUMENTO(NOMBRE_INSTRUMENTO, TIPO_INSTRUMENTO) VALUES('Voz', 'Voz');
INSERT INTO INSTRUMENTO(NOMBRE_INSTRUMENTO, TIPO_INSTRUMENTO) VALUES('Salvador Cortez 10CE', 'Guitarra');
INSERT INTO INSTRUMENTO(NOMBRE_INSTRUMENTO, TIPO_INSTRUMENTO) VALUES('Alhambra 1C', 'Guitarra');
INSERT INTO INSTRUMENTO(NOMBRE_INSTRUMENTO, TIPO_INSTRUMENTO) VALUES('Alhambra Z-Nature', 'Guitarra');
INSERT INTO INSTRUMENTO(NOMBRE_INSTRUMENTO, TIPO_INSTRUMENTO) VALUES('Alhambra Rosewood', 'Guitarra');
INSERT INTO INSTRUMENTO(NOMBRE_INSTRUMENTO, TIPO_INSTRUMENTO) VALUES('Admira Rosario', 'Guitarra');
INSERT INTO INSTRUMENTO(NOMBRE_INSTRUMENTO, TIPO_INSTRUMENTO) VALUES('Yamaha C-7X', 'Piano');
INSERT INTO INSTRUMENTO(NOMBRE_INSTRUMENTO, TIPO_INSTRUMENTO) VALUES('Schulze Pollmann', 'Piano');
INSERT INTO INSTRUMENTO(NOMBRE_INSTRUMENTO, TIPO_INSTRUMENTO) VALUES('Pianova GP-125', 'Piano');
INSERT INTO INSTRUMENTO(NOMBRE_INSTRUMENTO, TIPO_INSTRUMENTO) VALUES('Casio PX-780', 'Piano');

-- COMPOSITOR
INSERT INTO COMPOSITOR(DNI_MUSICO) VALUES ('19289235D');
INSERT INTO COMPOSITOR(DNI_MUSICO) VALUES ('60853212L');
INSERT INTO COMPOSITOR(DNI_MUSICO) VALUES ('41679098Q');
INSERT INTO COMPOSITOR(DNI_MUSICO) VALUES ('25801802B');
INSERT INTO COMPOSITOR(DNI_MUSICO) VALUES ('14630059N');
INSERT INTO COMPOSITOR(DNI_MUSICO) VALUES ('18930909T');
INSERT INTO COMPOSITOR(DNI_MUSICO) VALUES ('78115588K');
INSERT INTO COMPOSITOR(DNI_MUSICO) VALUES ('04681379M');
INSERT INTO COMPOSITOR(DNI_MUSICO) VALUES ('26086445Y');
INSERT INTO COMPOSITOR(DNI_MUSICO) VALUES ('15607145N');
INSERT INTO COMPOSITOR(DNI_MUSICO) VALUES ('81234005Y');
INSERT INTO COMPOSITOR(DNI_MUSICO) VALUES ('86471999A');
INSERT INTO COMPOSITOR(DNI_MUSICO) VALUES ('00723665Q');
INSERT INTO COMPOSITOR(DNI_MUSICO) VALUES ('69860457G');
INSERT INTO COMPOSITOR(DNI_MUSICO) VALUES ('92524441H');
INSERT INTO COMPOSITOR(DNI_MUSICO) VALUES ('52257819W');
INSERT INTO COMPOSITOR(DNI_MUSICO) VALUES ('21207485J');
INSERT INTO COMPOSITOR(DNI_MUSICO) VALUES ('91203780V');
INSERT INTO COMPOSITOR(DNI_MUSICO) VALUES ('83899683F');
INSERT INTO COMPOSITOR(DNI_MUSICO) VALUES ('65681629T');
INSERT INTO COMPOSITOR(DNI_MUSICO) VALUES ('89517953K');
INSERT INTO COMPOSITOR(DNI_MUSICO) VALUES ('14673528B');
INSERT INTO COMPOSITOR(DNI_MUSICO) VALUES ('44196518V');
INSERT INTO COMPOSITOR(DNI_MUSICO) VALUES ('18567904G');
INSERT INTO COMPOSITOR(DNI_MUSICO) VALUES ('44566679Q');
INSERT INTO COMPOSITOR(DNI_MUSICO) VALUES ('01621055S');
INSERT INTO COMPOSITOR(DNI_MUSICO) VALUES ('92800631R');
INSERT INTO COMPOSITOR(DNI_MUSICO) VALUES ('70155839C');
INSERT INTO COMPOSITOR(DNI_MUSICO) VALUES ('91561434K');

/*
/*Compositores*/
INSERT INTO COMPOSITOR VALUES ('COMP00001');
INSERT INTO COMPOSITOR VALUES ('COMP00002');
INSERT INTO COMPOSITOR VALUES ('COMP00003');
INSERT INTO COMPOSITOR VALUES ('COMP00004');
INSERT INTO COMPOSITOR VALUES ('COMP00005');
INSERT INTO COMPOSITOR VALUES ('COMP00006');
INSERT INTO COMPOSITOR VALUES ('COMP00007');
INSERT INTO COMPOSITOR VALUES ('COMP00008');
INSERT INTO COMPOSITOR VALUES ('COMP00009');
INSERT INTO COMPOSITOR VALUES ('COMP00010');
INSERT INTO COMPOSITOR VALUES ('COMP00011');
INSERT INTO COMPOSITOR VALUES ('COMP00012');
INSERT INTO COMPOSITOR VALUES ('COMP00013');
INSERT INTO COMPOSITOR VALUES ('COMP00014');
INSERT INTO COMPOSITOR VALUES ('COMP00015');
INSERT INTO COMPOSITOR VALUES ('COMP00016');
INSERT INTO COMPOSITOR VALUES ('COMP00017');
INSERT INTO COMPOSITOR VALUES ('COMP00018');
INSERT INTO COMPOSITOR VALUES ('COMP00019');
INSERT INTO COMPOSITOR VALUES ('COMP00020');
INSERT INTO COMPOSITOR VALUES ('COMP00021');
INSERT INTO COMPOSITOR VALUES ('COMP00022');
INSERT INTO COMPOSITOR VALUES ('COMP00023');
INSERT INTO COMPOSITOR VALUES ('COMP00024');
INSERT INTO COMPOSITOR VALUES ('COMP00025');
INSERT INTO COMPOSITOR VALUES ('COMP00026');
INSERT INTO COMPOSITOR VALUES ('COMP00027');
INSERT INTO COMPOSITOR VALUES ('COMP00028');
INSERT INTO COMPOSITOR VALUES ('COMP00029');
INSERT INTO COMPOSITOR VALUES ('COMP00030');
INSERT INTO COMPOSITOR VALUES ('COMP00031');



/*Musico*/
/*Discos*/
INSERT INTO DISCOS VALUES ('DISC00001','1979-07-17','Highway to Heaven','Rock','GRUP00003',True,True, 15);
INSERT INTO DISCOS VALUES ('DISC00002','1980-03-20','Roses for the win','Rock','GRUP00001',True,False, null);
INSERT INTO DISCOS VALUES ('DISC00003','1979-05-14','Rolling hard','Rock','GRUP00001',False,True, 23);
INSERT INTO DISCOS VALUES ('DISC00004','1984-11-21','Looking for a queen','Rock','GRUP00004',True,True, 19);


INSERT INTO DISCOS VALUES ('DISC00005','1990-03-24','Sounds of the soul','Jazz','GRUP00006',False,True, 40);
INSERT INTO DISCOS VALUES ('DISC00006','1987-01-02','Trumpets from our lifes','Jazz','GRUP00006',True,True, 31);
INSERT INTO DISCOS VALUES ('DISC00007','1994-08-12','Fire','Jazz','GRUP00006',True,False);


INSERT INTO DISCOS VALUES ('DISC00008','2018-05-16','The seed','Reggae','GRUP00011',True,False, null);
INSERT INTO DISCOS VALUES ('DISC00009','1993-05-18','We just gonna have fun','Reggae','GRUP00012',False,True, 18);
INSERT INTO DISCOS VALUES ('DISC00010','1990-09-29','How about your name?','Reggae','GRUP00012',True,True, 24);


INSERT INTO DISCOS VALUES ('DISC00011','1991-07-01','Smoke','Rap','GRUP00016',False,True, 20);
INSERT INTO DISCOS VALUES ('DISC00012','1994-08-05','B.R.O','Rap','GRUP00016',True,True, 16);
INSERT INTO DISCOS VALUES ('DISC00013','1992-11-10','Dont try to change me','Rap','GRUP00016',True,False, null);


INSERT INTO DISCOS VALUES ('DISC00014','1998-05-11','F*ck punk','Electronic','GRUP00021',False,True, 12);
INSERT INTO DISCOS VALUES ('DISC00015','1997-06-14','Move your body','Electronic','GRUP00022',True,True, 19);
INSERT INTO DISCOS VALUES ('DISC00016','1999-03-11','Take my medicine','Electronic','GRUP00022',True,False, 90);


INSERT INTO DISCOS VALUES ('DISC00017','1998-06-01)','Hard steel','Heavy Metal','GRUP00026',True,True, 60);
INSERT INTO DISCOS VALUES ('DISC00018','1997-10-17','Rekkles','Heavy Metal','GRUP00027',True,False, null);
INSERT INTO DISCOS VALUES ('DISC00019','1999-12-21','Slay the guitar','Heavy Metal','GRUP00027',False,True, 34);

/*Canciones, comprobar que el compositor es del grupo correcto*/

INSERT INTO CANCIONES VALUES ('SONG00001','2.32', 'Highway to Heaven','COMP00008','DISC00001');
INSERT INTO CANCIONES VALUES ('SONG00002','2.30', 'Boys get the rythm','COMP00008','DISC00001');
INSERT INTO CANCIONES VALUES ('SONG00003','2.40', 'Walk in you','COMP00008','DISC00001');
INSERT INTO CANCIONES VALUES ('SONG00004','3.25', 'Touch too less','COMP00008','DISC00001');
INSERT INTO CANCIONES VALUES ('SONG00005','3.15', 'Get it cold','COMP00008','DISC00001');
INSERT INTO CANCIONES VALUES ('SONG00006','2.18', 'Hate hungry man','COMP00008','DISC00001');
INSERT INTO CANCIONES VALUES ('SONG00007','2.40', 'Raystruck','COMP00008','DISC00001');
INSERT INTO CANCIONES VALUES ('SONG00008','3.25', 'Heaven Bells','COMP00008','DISC00001');
INSERT INTO CANCIONES VALUES ('SONG00009','3.15', 'Low Voltage','COMP00008','DISC00001');
INSERT INTO CANCIONES VALUES ('SONG000010','5.18', 'Back in White','COMP00008','DISC00001');
INSERT INTO CANCIONES VALUES ('SONG000011','2.18', 'Ride Off','COMP00008','DISC00001');

INSERT INTO CANCIONES VALUES ('SONG00012','5.30', 'Welcome to the city','COMP00004','DISC00002');
INSERT INTO CANCIONES VALUES ('SONG00013','1.30', 'Daytrain','COMP00004','DISC00002');
INSERT INTO CANCIONES VALUES ('SONG00014','1.40', 'Paradise Jungle','COMP00004','DISC00002');

INSERT INTO CANCIONES VALUES ('SONG00015','3.25', 'Sweet Child of yours','COMP00004','DISC00002');
INSERT INTO CANCIONES VALUES ('SONG00016','3.30', 'You ''re clever','COMP00004','DISC00002');

INSERT INTO CANCIONES VALUES ('SONG00017','3.30', 'Move to the country','COMP00004','DISC00003');
INSERT INTO CANCIONES VALUES ('SONG00018','2.30', 'Pappa Kin','COMP00004','DISC00003');
INSERT INTO CANCIONES VALUES ('SONG00019','4.40', 'One in a million','COMP00004','DISC00003');

INSERT INTO CANCIONES VALUES ('SONG00020','2.25','Wanna found you','COMP00007','DISC00005');
INSERT INTO CANCIONES VALUES ('SONG00021','2.01','Inferno','COMP00007','DISC00005');
INSERT INTO CANCIONES VALUES ('SONG00022','3.12','Do it again','COMP00007','DISC00005');

INSERT INTO CANCIONES VALUES ('SONG00023','3.08','Rose','COMP00007','DISC00006');
INSERT INTO CANCIONES VALUES ('SONG00024','2.14','Knock by the sun','COMP00007','DISC00006');
INSERT INTO CANCIONES VALUES ('SONG00025','2.18','Downtown','COMP00007','DISC00006');

INSERT INTO CANCIONES VALUES ('SONG00026','2.07','Love,Death and robots','COMP00007','DISC00007');
INSERT INTO CANCIONES VALUES ('SONG00027','3.10','System of a system','COMP00007','DISC00007');
INSERT INTO CANCIONES VALUES ('SONG00028','4.00','Where our dimension is?','COMP00007','DISC00007');

INSERT INTO CANCIONES VALUES ('SONG00029','2.12','Barracuda','COMP00001','DISC00008');
INSERT INTO CANCIONES VALUES ('SONG00030','2.48','Eye of the Tiger','COMP00001','DISC00008');
INSERT INTO CANCIONES VALUES ('SONG00031','2.12','Mr.Sunshine','COMP00001','DISC00008');

INSERT INTO CANCIONES VALUES ('SONG00032','3.11','Richy is working hard','COMP00015','DISC00009');
INSERT INTO CANCIONES VALUES ('SONG00033','3.09','Is she the real one?','COMP00015','DISC00009');
INSERT INTO CANCIONES VALUES ('SONG00034','3.00','Crazy','COMP00015','DISC00009');

INSERT INTO CANCIONES VALUES ('SONG00035','2.39','Let''s eat the real world','COMP00015','DISC00010');
INSERT INTO CANCIONES VALUES ('SONG00036','2.11','Closed hours','COMP00015','DISC00010');
INSERT INTO CANCIONES VALUES ('SONG00037','2.58','Workstation','COMP00015','DISC00010');

INSERT INTO CANCIONES VALUES ('SONG00038','2.41','Rise','COMP00018','DISC00011');
INSERT INTO CANCIONES VALUES ('SONG00039','2.56','Are you gonna miss that way?','COMP00018','DISC00011');

INSERT INTO CANCIONES VALUES ('SONG00040','2.39','Niggas run the world','COMP00018','DISC00012');
INSERT INTO CANCIONES VALUES ('SONG00041','2.11','Side K of the moon','COMP00018','DISC00012');
INSERT INTO CANCIONES VALUES ('SONG00042','2.58','Talk to the hand','COMP00018','DISC00012');

INSERT INTO CANCIONES VALUES ('SONG00043','2.39','Rush BB','COMP00018','DISC00013');
INSERT INTO CANCIONES VALUES ('SONG00044','2.11','Undergrounds','COMP00018','DISC00013');
INSERT INTO CANCIONES VALUES ('SONG00045','2.58','Nights on LA','COMP00018','DISC00013');

INSERT INTO CANCIONES VALUES ('SONG00046','2.39','Learning through the life','COMP00023','DISC00014');
INSERT INTO CANCIONES VALUES ('SONG00047','2.11','Open your mind','COMP00023','DISC00014');
INSERT INTO CANCIONES VALUES ('SONG00048','2.58','LOL','COMP00023','DISC00014');

INSERT INTO CANCIONES VALUES ('SONG00049','2.39','I see green drakes','COMP00024','DISC00015');
INSERT INTO CANCIONES VALUES ('SONG00050','2.11','W E E D','COMP00024','DISC00015');
INSERT INTO CANCIONES VALUES ('SONG00051','2.58','Mirror','COMP00024','DISC00015');

INSERT INTO CANCIONES VALUES ('SONG00052','2.39','Pony and tojas ','COMP00024','DISC00016');
INSERT INTO CANCIONES VALUES ('SONG00053','2.11','The chicken little ','COMP00024','DISC00016');
INSERT INTO CANCIONES VALUES ('SONG00054','2.58','Animals gonna go wild','COMP00024','DISC00016');

INSERT INTO CANCIONES VALUES ('SONG00055','2.39','Blondie','COMP00005','DISC00017');
INSERT INTO CANCIONES VALUES ('SONG00056','2.11','Wireless cutting wires','COMP00005','DISC00017');
INSERT INTO CANCIONES VALUES ('SONG00057','2.58','Automatic','COMP00006','DISC00017');

INSERT INTO CANCIONES VALUES ('SONG00058','2.39','Things can be our friends','COMP00028','DISC00018');
INSERT INTO CANCIONES VALUES ('SONG00059','2.11','Journey to Japan','COMP00028','DISC00018');
INSERT INTO CANCIONES VALUES ('SONG00060','2.58','White light, blue light, black head','COMP00028','DISC00018');

INSERT INTO CANCIONES VALUES ('SONG00061','2.39','Someone loking at','COMP00028','DISC00019');
INSERT INTO CANCIONES VALUES ('SONG00062','2.11','Crying ','COMP00028','DISC00019');
INSERT INTO CANCIONES VALUES ('SONG00063','2.58','At the end','COMP00028','DISC00019');

INSERT INTO CANCIONES VALUES ('SONG00064','3.30', 'Move to the country','COMP00009','DISC00004');
INSERT INTO CANCIONES VALUES ('SONG00065','2.30', 'Pappa Kin','COMP00009','DISC00004');
INSERT INTO CANCIONES VALUES ('SONG00066','4.40', 'One in a million','COMP00009','DISC00004');

/*CONCIERTOS*/

INSERT INTO CONCIERTOS VALUES ('CONCI00001','GRUP00001','ESPAÑA','MADRID');
INSERT INTO CONCIERTOS VALUES ('CONCI00002','GRUP00002','NORUEGA','OSLO');
INSERT INTO CONCIERTOS VALUES ('CONCI00003','GRUP00003','BELGICA','GANTE');
INSERT INTO CONCIERTOS VALUES ('CONCI00004','GRUP00004','ESPAÑA','BARCELONA');
INSERT INTO CONCIERTOS VALUES ('CONCI00005','GRUP00004','ESPAÑA','MADRID');
INSERT INTO CONCIERTOS VALUES ('CONCI00006','GRUP00005','ESPAÑA','ALICANTE');
INSERT INTO CONCIERTOS VALUES ('CONCI00007','GRUP00006','NORUEGA','OSLO');
INSERT INTO CONCIERTOS VALUES ('CONCI00008','GRUP00006','BELGICA','GANTE');
INSERT INTO CONCIERTOS VALUES ('CONCI00009','GRUP00007','ESPAÑA','BARCELONA');
INSERT INTO CONCIERTOS VALUES ('CONCI00010','GRUP00008','NORUEGA','OSLO');
INSERT INTO CONCIERTOS VALUES ('CONCI00011','GRUP00009','BELGICA','BRUSELAS');
INSERT INTO CONCIERTOS VALUES ('CONCI00012','GRUP00009','ESPAÑA','MADRID');
INSERT INTO CONCIERTOS VALUES ('CONCI00013','GRUP00010','NORUEGA','OSLO');
INSERT INTO CONCIERTOS VALUES ('CONCI00014','GRUP00010','BELGICA','GANTE');
INSERT INTO CONCIERTOS VALUES ('CONCI00015','GRUP00011','ESPAÑA','MADRID');
INSERT INTO CONCIERTOS VALUES ('CONCI00016','GRUP00012','ESPAÑA','BARCELONA');
INSERT INTO CONCIERTOS VALUES ('CONCI00017','GRUP00013','NORUEGA','OSLO');
INSERT INTO CONCIERTOS VALUES ('CONCI00018','GRUP00014','BELGICA','BRUSELAS');
INSERT INTO CONCIERTOS VALUES ('CONCI00019','GRUP00015','ESPAÑA','MADRID');
INSERT INTO CONCIERTOS VALUES ('CONCI00020','GRUP00016','ESPAÑA','BARCELONA');
INSERT INTO CONCIERTOS VALUES ('CONCI00021','GRUP00017','NORUEGA','OSLO');
INSERT INTO CONCIERTOS VALUES ('CONCI00022','GRUP00018','BELGICA','GANTE');
INSERT INTO CONCIERTOS VALUES ('CONCI00023','GRUP00019','ESPAÑA','MADRID');
INSERT INTO CONCIERTOS VALUES ('CONCI00024','GRUP00020','ESPAÑA','MADRID');
INSERT INTO CONCIERTOS VALUES ('CONCI00025','GRUP00021','ESPAÑA','BARCELONA');
INSERT INTO CONCIERTOS VALUES ('CONCI00026','GRUP00022','NORUEGA','OSLO');
INSERT INTO CONCIERTOS VALUES ('CONCI00027','GRUP00023','BELGICA','BRUSELAS');
INSERT INTO CONCIERTOS VALUES ('CONCI00028','GRUP00024','ESPAÑA','MADRID');
INSERT INTO CONCIERTOS VALUES ('CONCI00029','GRUP00025','NORUEGA','OSLO');
INSERT INTO CONCIERTOS VALUES ('CONCI00030','GRUP00026','BELGICA','GANTE');
INSERT INTO CONCIERTOS VALUES ('CONCI00031','GRUP00027','ESPAÑA','BARCELONA');
INSERT INTO CONCIERTOS VALUES ('CONCI00032','GRUP00028','ESPAÑA','MADRID');
INSERT INTO CONCIERTOS VALUES ('CONCI00033','GRUP00029','NORUEGA','OSLO');
INSERT INTO CONCIERTOS VALUES ('CONCI00034','GRUP00030','BELGICA','GANTE');

/*ENTRADAS*/

INSERT INTO ENTRADAS(PRECIO_ENTRADA, CODIGO_CONCIERTO_ENTRADA) VALUES (30, 'CONCI00028');
INSERT INTO ENTRADAS(PRECIO_ENTRADA, CODIGO_CONCIERTO_ENTRADA) VALUES (50, 'CONCI00023');
INSERT INTO ENTRADAS(PRECIO_ENTRADA, CODIGO_CONCIERTO_ENTRADA) VALUES (300, 'CONCI00012');
INSERT INTO ENTRADAS(PRECIO_ENTRADA, CODIGO_CONCIERTO_ENTRADA) VALUES (80, 'CONCI00012');
INSERT INTO ENTRADAS(PRECIO_ENTRADA, CODIGO_CONCIERTO_ENTRADA) VALUES (50, 'CONCI00021');
INSERT INTO ENTRADAS(PRECIO_ENTRADA, CODIGO_CONCIERTO_ENTRADA) VALUES (16, 'CONCI00020');
INSERT INTO ENTRADAS(PRECIO_ENTRADA, CODIGO_CONCIERTO_ENTRADA) VALUES (32, 'CONCI00001');
INSERT INTO ENTRADAS(PRECIO_ENTRADA, CODIGO_CONCIERTO_ENTRADA) VALUES (40, 'CONCI00022');
INSERT INTO ENTRADAS(PRECIO_ENTRADA, CODIGO_CONCIERTO_ENTRADA) VALUES (150, 'CONCI00024');
INSERT INTO ENTRADAS(PRECIO_ENTRADA, CODIGO_CONCIERTO_ENTRADA) VALUES (50, 'CONCI00025');
INSERT INTO ENTRADAS(PRECIO_ENTRADA, CODIGO_CONCIERTO_ENTRADA) VALUES (110, 'CONCI00026');

/*COMPRAS*/

INSERT INTO COMPRAS(ES_COMPRA_ENTRADAS, CANTIDAD_ENTRADAS, CODIGO_CONCIERTO_COMPRA) 
VALUES (TRUE, 2, 'CONCI00012');
INSERT INTO COMPRAS(ES_COMPRA_DISCO, ID_DISCO_COMPRA) 
VALUES (TRUE, 'DISC00014');
INSERT INTO COMPRAS(ES_COMPRA_DISCO, ID_DISCO_COMPRA) 
VALUES (TRUE, 'DISC00015');
INSERT INTO COMPRAS(ES_COMPRA_ENTRADAS, CANTIDAD_ENTRADAS,CODIGO_CONCIERTO_COMPRA)
VALUES (TRUE,6, 'CONCI00004');
INSERT INTO COMPRAS(ES_COMPRA_DISCO, ID_DISCO_COMPRA) 
VALUES (TRUE, 'DISC00002');
INSERT INTO COMPRAS(ES_COMPRA_DISCO, ID_DISCO_COMPRA) 
VALUES (TRUE, 'DISC00005');
INSERT INTO COMPRAS(ES_COMPRA_DISCO, ID_DISCO_COMPRA) 
VALUES (TRUE, 'DISC00011');
INSERT INTO COMPRAS(ES_COMPRA_ENTRADAS, CANTIDAD_ENTRADAS,CODIGO_CONCIERTO_COMPRA)
VALUES (TRUE,3, 'CONCI000015');
INSERT INTO COMPRAS(ES_COMPRA_ENTRADAS, CANTIDAD_ENTRADAS,CODIGO_CONCIERTO_COMPRA)
VALUES (TRUE,5, 'CONCI00003');
INSERT INTO COMPRAS(ES_COMPRA_ENTRADAS, CANTIDAD_ENTRADAS,CODIGO_CONCIERTO_COMPRA)
VALUES (TRUE,3, 'CONCI00016');
INSERT INTO COMPRAS(ES_COMPRA_DISCO, ID_DISCO_COMPRA) 
VALUES (TRUE, 'DISC00019');
INSERT INTO COMPRAS(ES_COMPRA_DISCO, ID_DISCO_COMPRA) 
VALUES (TRUE, 'DISC00007');
INSERT INTO COMPRAS(ES_COMPRA_DISCO, ID_DISCO_COMPRA) 
VALUES (TRUE, 'DISC00014');
INSERT INTO COMPRAS(ES_COMPRA_ENTRADAS, CANTIDAD_ENTRADAS,CODIGO_CONCIERTO_COMPRA)
VALUES (TRUE,1, 'CONCI00005');
INSERT INTO COMPRAS(ES_COMPRA_ENTRADAS, CANTIDAD_ENTRADAS,CODIGO_CONCIERTO_COMPRA)
VALUES (TRUE,4, 'CONCI00018');
INSERT INTO COMPRAS(ES_COMPRA_ENTRADAS, CANTIDAD_ENTRADAS,CODIGO_CONCIERTO_COMPRA)
VALUES (TRUE,2, 'CONCI00016');
INSERT INTO COMPRAS(ES_COMPRA_DISCO, ID_DISCO_COMPRA) 
VALUES (TRUE, 'DISC00001');
INSERT INTO COMPRAS(ES_COMPRA_DISCO, ID_DISCO_COMPRA) 
VALUES (TRUE, 'DISC00004');
INSERT INTO COMPRAS(ES_COMPRA_DISCO, ID_DISCO_COMPRA) 
VALUES (TRUE, 'DISC00006');


/*USUARIO_COMPRA*/
INSERT INTO USUARIO_COMPRA(DNI_USUARIO_COMPRA, CODIGO_COMPRA, OPINION, PUNTOS_GANADOS, PUNTOS_GASTADOS)
VALUES ('42765363Z', 1, null, 0, 0);
INSERT INTO USUARIO_COMPRA(DNI_USUARIO_COMPRA, CODIGO_COMPRA, OPINION, PUNTOS_GANADOS, PUNTOS_GASTADOS)
VALUES ('42765363Z', 2, 5, 0, 0);
INSERT INTO USUARIO_COMPRA(DNI_USUARIO_COMPRA, CODIGO_COMPRA, OPINION, PUNTOS_GANADOS, PUNTOS_GASTADOS)
VALUES ('73737078K', 2, 8, 20, 0);
INSERT INTO USUARIO_COMPRA(DNI_USUARIO_COMPRA, CODIGO_COMPRA, OPINION, PUNTOS_GANADOS, PUNTOS_GASTADOS)
VALUES ('23213623E', 3, 3, 10, 0);
INSERT INTO USUARIO_COMPRA(DNI_USUARIO_COMPRA, CODIGO_COMPRA, OPINION, PUNTOS_GANADOS, PUNTOS_GASTADOS)
VALUES ('57417089G', 4, 6, 30, 30);
INSERT INTO USUARIO_COMPRA(DNI_USUARIO_COMPRA, CODIGO_COMPRA, OPINION, PUNTOS_GANADOS, PUNTOS_GASTADOS)
VALUES ('01225251H', 5, 8, 0, 0);
INSERT INTO USUARIO_COMPRA(DNI_USUARIO_COMPRA, CODIGO_COMPRA, OPINION, PUNTOS_GANADOS, PUNTOS_GASTADOS)
VALUES ('01225251H', 5, null, 10, 0);
INSERT INTO USUARIO_COMPRA(DNI_USUARIO_COMPRA, CODIGO_COMPRA, OPINION, PUNTOS_GANADOS, PUNTOS_GASTADOS)
VALUES ('26443180B', 6, 10, 40, 20);
INSERT INTO USUARIO_COMPRA(DNI_USUARIO_COMPRA, CODIGO_COMPRA, OPINION, PUNTOS_GANADOS, PUNTOS_GASTADOS)
VALUES ('26443180B', 6, 7, 0, 10);
INSERT INTO USUARIO_COMPRA(DNI_USUARIO_COMPRA, CODIGO_COMPRA, OPINION, PUNTOS_GANADOS, PUNTOS_GASTADOS)
VALUES ('26538645A', 7, 2, 10, 0);
INSERT INTO USUARIO_COMPRA(DNI_USUARIO_COMPRA, CODIGO_COMPRA, OPINION, PUNTOS_GANADOS, PUNTOS_GASTADOS)
VALUES ('92566518M', 8, 10, 20, 0);
INSERT INTO USUARIO_COMPRA(DNI_USUARIO_COMPRA, CODIGO_COMPRA, OPINION, PUNTOS_GANADOS, PUNTOS_GASTADOS)
VALUES ('33668608N', 9, null, 10, 0);
INSERT INTO USUARIO_COMPRA(DNI_USUARIO_COMPRA, CODIGO_COMPRA, OPINION, PUNTOS_GANADOS, PUNTOS_GASTADOS)
VALUES ('92644697F', 10, 4, 10, 0);
INSERT INTO USUARIO_COMPRA(DNI_USUARIO_COMPRA, CODIGO_COMPRA, OPINION, PUNTOS_GANADOS, PUNTOS_GASTADOS)
VALUES ('86842356Z', 11, null, 10, 10);

/*COMPRA_ENTRADA*/
INSERT INTO COMPRA_ENTRADA(CODIGO_COMPRA, CODIGO_ENTRADA) 
SELECT CODIGO_COMPRA, CODIGO_ENTRADA FROM COMPRAS, ENTRADAS WHERE CODIGO_CONCIERTO_COMPRA = 'CONCI00012' AND PRECIO_ENTRADA = cast(300 as money)

*/