SET DATESTYLE TO 'dmy, dmy';

BEGIN TRANSACTION;
	DROP TABLE IF EXISTS MUSICO CASCADE;
	DROP TABLE IF EXISTS INSTRUMENTO CASCADE;
	DROP TABLE IF EXISTS COMPOSITOR CASCADE;
	DROP TABLE IF EXISTS ENTRADA CASCADE;
	DROP TABLE IF EXISTS CONCIERTO CASCADE;
	DROP TABLE IF EXISTS USUARIO CASCADE;
	DROP TABLE IF EXISTS GRUPO CASCADE;
	DROP TABLE IF EXISTS DISCO CASCADE;
	DROP TABLE IF EXISTS CANCION CASCADE;
	DROP TABLE IF EXISTS COMPRA CASCADE;
	DROP TABLE IF EXISTS USUARIO_COMPRA CASCADE;
	DROP TABLE IF EXISTS COMPRA_ENTRADA CASCADE;
	DROP TABLE IF EXISTS COMPRA_DISCO CASCADE;
	DROP TABLE IF EXISTS INSTRUMENTO_MUSICO CASCADE;
	DROP TABLE IF EXISTS DISCO_GRUPO CASCADE;
	DROP TABLE IF EXISTS DISCO_DIGITAL CASCADE;
	DROP TABLE IF EXISTS DISCO_FISICO CASCADE;
	DROP TABLE IF EXISTS CANCION_DISCO CASCADE;
	DROP TABLE IF EXISTS COMPOSITOR_CANCION CASCADE;
	DROP TABLE IF EXISTS MUSICO_GRUPO CASCADE;
	DROP TABLE IF EXISTS PAIS_CONCIERTO CASCADE;
	DROP TABLE IF EXISTS PRECIO_ENTRADA CASCADE;
END TRANSACTION;


CREATE TABLE GRUPO(
	ID_GRUPO SERIAL PRIMARY KEY,
	GENERO_GRUPO varchar(20),
	NOMBRE_GRUPO varchar(30)
);

CREATE TABLE USUARIO(
	DNI_USUARIO varchar (10) PRIMARY KEY ,
	EMAIL_USUARIO varchar (30),
	NOMBRE_USUARIO varchar (15),
	APELLIDOS_USUARIO varchar (30)
);

CREATE TABLE CONCIERTO(
	ID_CONCIERTO SERIAL PRIMARY KEY NOT NULL,
	ID_GRUPO int,
	FECHA_CONCIERTO date,
	CIUDAD_CONCIERTO varchar (20),

	CONSTRAINT FK_ID_GRUPO_CONCIERTO FOREIGN KEY (ID_GRUPO) REFERENCES GRUPO (ID_GRUPO)
);

CREATE TABLE INSTRUMENTO(
	ID_INSTRUMENTO SERIAL PRIMARY KEY,
	NOMBRE_INSTRUMENTO varchar (20),
	TIPO_INSTRUMENTO varchar (20)
);

CREATE TABLE MUSICO(
	DNI_MUSICO varchar (10) PRIMARY KEY,
	NOMBRE_MUSICO varchar (10),
	APELLIDOS_MUSICO varchar (30),
	DIRECCION_MUSICO varchar (30),
	NUMERO_TELEFONO int
);

CREATE TABLE CALLE_CIUDAD(
	CALLE varchar (30) PRIMARY KEY,
	CODIGO_POSTAL int,
	PROVINCIA varchar (30),

	
	CONSTRAINT FK_CALLE_CIUDAD FOREIGN KEY (CALLE) REFERENCES MUSICO (DIRECCION_MUSICO)
	
	);

CREATE TABLE MUSICO_GRUPO(
	ID_MUSICO_GRUPO SERIAL PRIMARY KEY,
	DNI_MUSICO varchar(10),
	ID_GRUPO int,
	
	CONSTRAINT FK_DNI_MUSICO_INSTRUMENTO FOREIGN KEY (DNI_MUSICO) REFERENCES MUSICO (DNI_MUSICO),
	CONSTRAINT FK_ID_GRUPO FOREIGN KEY (ID_GRUPO) REFERENCES GRUPO (ID_GRUPO)
);

CREATE TABLE INSTRUMENTO_MUSICO(
	ID_INSTRUMENTO_MUSICO SERIAL PRIMARY KEY,
	DNI_MUSICO varchar(10),
	ID_INSTRUMENTO int,
	
	CONSTRAINT FK_DNI_MUSICO_INSTRUMENTO FOREIGN KEY (DNI_MUSICO) REFERENCES MUSICO (DNI_MUSICO),
	CONSTRAINT FK_ID_INSTRUMENTO FOREIGN KEY (ID_INSTRUMENTO) REFERENCES INSTRUMENTO (ID_INSTRUMENTO)
);

CREATE TABLE COMPOSITOR(
	DNI_MUSICO varchar(10) PRIMARY KEY,

	CONSTRAINT FK_DNI_MUSICO_INSTRUMENTO FOREIGN KEY (DNI_MUSICO) REFERENCES MUSICO (DNI_MUSICO)

);

CREATE TABLE DISCO(
	ID_DISCO SERIAL PRIMARY KEY ,
	FECHA_EDICION date,
	TITULO_DISCO varchar(50),
	GENERO_DISCO varchar(15)
);

CREATE TABLE DISCO_DIGITAL(
	ID_DISCO SERIAL PRIMARY KEY,
	TAMAÑO_DISCO SMALLINT,
	PRECIO_DISCO MONEY,
	
	CONSTRAINT FK_ID_DISCO FOREIGN KEY (ID_DISCO) REFERENCES DISCO (ID_DISCO)
);

CREATE TABLE DISCO_FISICO(
	ID_DISCO SERIAL PRIMARY KEY,
	PRECIO_DISCO MONEY,
	
	CONSTRAINT FK_ID_DISCO FOREIGN KEY (ID_DISCO) REFERENCES DISCO (ID_DISCO)
);

CREATE TABLE DISCO_GRUPO(
	ID_DISCO int PRIMARY KEY,
	ID_GRUPO int,
	
	CONSTRAINT FK_ID_GRUPO FOREIGN KEY (ID_GRUPO) REFERENCES GRUPO (ID_GRUPO),
	CONSTRAINT FK_ID_DISCO FOREIGN KEY (ID_DISCO) REFERENCES DISCO (ID_DISCO)
);

CREATE TABLE CANCION(
	ID_CANCION SERIAL PRIMARY KEY,
	DURACION float ,
	NOMBRE_CANCION varchar(40)
);

CREATE TABLE CANCION_DISCO(
	ID_CANCION int PRIMARY KEY,
	ID_DISCO int,
	
	CONSTRAINT FK_ID_CANCION FOREIGN KEY (ID_CANCION) REFERENCES CANCION (ID_CANCION),
	CONSTRAINT FK_ID_DISCO FOREIGN KEY (ID_DISCO) REFERENCES DISCO (ID_DISCO)
);

CREATE TABLE COMPOSITOR_CANCION(
	ID_CANCION int PRIMARY KEY,
	DNI_MUSICO varchar(10)  REFERENCES COMPOSITOR (DNI_MUSICO),
	
	CONSTRAINT FK_ID_CANCION FOREIGN KEY (ID_CANCION) REFERENCES CANCION (ID_CANCION)
);

CREATE TABLE COMPRA(
	ID_COMPRA SERIAL PRIMARY KEY NOT NULL,
	PUNTOS_GANADOS int,
	PUNTOS_GASTADOS int
);

CREATE TABLE COMPRA_DISCO(
	ID_COMPRA SERIAL PRIMARY KEY,
	ID_DISCO SERIAL,
	
	CONSTRAINT FK_ID_COMPRA FOREIGN KEY (ID_COMPRA) REFERENCES COMPRA (ID_COMPRA),
	CONSTRAINT FK_CODIGO_DISCO FOREIGN KEY (ID_DISCO) REFERENCES DISCO (ID_DISCO)
);


CREATE TABLE ENTRADA(
	ID_ENTRADA SERIAL PRIMARY KEY,
	ID_CONCIERTO SERIAL,

	CONSTRAINT FK_ID_CONCIERTO FOREIGN KEY (ID_CONCIERTO) REFERENCES CONCIERTO (ID_CONCIERTO)
);

CREATE TABLE PRECIO_ENTRADA(
	ID_ENTRADA SERIAL PRIMARY KEY,
	PRECIO_ENTRADA MONEY NOT NULL,
	
	CONSTRAINT FK_ID_ENTRADA FOREIGN KEY (ID_ENTRADA) REFERENCES ENTRADA (ID_ENTRADA)
);

CREATE TABLE COMPRA_ENTRADA(
	ID_COMPRA SERIAL PRIMARY KEY REFERENCES COMPRA (ID_COMPRA),
	ID_ENTRADA SERIAL REFERENCES ENTRADA (ID_ENTRADA)
);

CREATE TABLE USUARIO_COMPRA (
	ID_USUARIO_COMPRA SERIAL PRIMARY KEY,
	DNI_USUARIO_COMPRA varchar(10),
	ID_COMPRA integer,
	PUNTOS_GASTADOS smallint not null,
	PUNTOS_GANADOS smallint not null,
	OPINION smallint CHECK (OPINION BETWEEN 1 AND 10),
	
	CONSTRAINT FK_DNI_USUARIO_COMPRA FOREIGN KEY (DNI_USUARIO_COMPRA) REFERENCES USUARIO (DNI_USUARIO),
	CONSTRAINT FK_ID_COMPRA FOREIGN KEY (ID_COMPRA) REFERENCES COMPRA (ID_COMPRA)
);

CREATE TABLE PAIS_CONCIERTO(
	CIUDAD_CONCIERTO varchar (20) PRIMARY KEY,
	PAIS_CONCIERTO varchar(20) 
);



-- INTRDOCUCCIÓN DE DATOS --

-- USUARIOS
INSERT INTO USUARIO VALUES ('64510552Z', 'jose.lopez@jmail.com', 'Jose', 'Lopez');
INSERT INTO USUARIO VALUES ('15625422G', 'paloma.guerrero@witty.com', 'Paloma', 'Guerra');
INSERT INTO USUARIO VALUES ('89237576Z', 'saul.ballesteros@lycos.com', 'Saul', 'Ballesteros');
INSERT INTO USUARIO VALUES ('23213623E', 'milagros.gordillo@jmail.com', 'Milagros', 'Gordillo');
INSERT INTO USUARIO VALUES ('57417089G', 'jeromio.abad@jmail.com', 'Jerónimo', 'Abad');
INSERT INTO USUARIO VALUES ('01225251H', 'alba.galvez@jmail.com', 'Alba', 'Galvez');
INSERT INTO USUARIO VALUES ('31060609Y', 'estela.palomo@witty.com', 'Estela', 'Palomo');
INSERT INTO USUARIO VALUES ('26443180B', 'omar.herrera@witty.com', 'Omar', 'Herrera');
INSERT INTO USUARIO VALUES ('77560483K', 'carmen.ros@jmail.com', 'Carmen', 'Ros');
INSERT INTO USUARIO VALUES ('26538645A', 'aurelia.arce@lycos.com', 'Aurelia', 'Arce');
INSERT INTO USUARIO VALUES ('92566518M', 'eneko.asensio@witty.com', 'Eneko', 'Asensio');
INSERT INTO USUARIO VALUES ('42765363Z', 'ramon.gutierrez@jmail.com', 'Ramón', 'Gutierrez');
INSERT INTO USUARIO VALUES ('33668608N', 'gloria.amador@witty.com', 'Gloria', 'Amador');
INSERT INTO USUARIO VALUES ('73737078K', 'salvador.marquez@jmail.com', 'Salvador', 'Marquez');
INSERT INTO USUARIO VALUES ('59146333Q', 'begona.falcon@jmail.com', 'Begoña', 'Falcón');
INSERT INTO USUARIO VALUES ('64242692N', 'arias.mendez@lycos.com', 'Arias', 'Mendez');
INSERT INTO USUARIO VALUES ('92644697F', 'ana.tirados@lycos.com', 'Ana', 'Tirados');
INSERT INTO USUARIO VALUES ('59547081N', 'amelia.losada@witty.com', 'Amelia', 'Losada');
INSERT INTO USUARIO VALUES ('86842356Z', 'joana.toro@lycos.com', 'Joana', 'Toro');

-- GRUPOS
INSERT INTO GRUPO(GENERO_GRUPO, NOMBRE_GRUPO) VALUES ('Rock', 'Guns and Carnations');
INSERT INTO GRUPO(GENERO_GRUPO, NOMBRE_GRUPO) VALUES ('Rock', 'Not Moving Stones');
INSERT INTO GRUPO(GENERO_GRUPO, NOMBRE_GRUPO) VALUES ('Rock', 'AB // CD');
INSERT INTO GRUPO(GENERO_GRUPO, NOMBRE_GRUPO) VALUES ('Rock', 'King');
INSERT INTO GRUPO(GENERO_GRUPO, NOMBRE_GRUPO) VALUES ('Rock', 'The Butterflies');
INSERT INTO GRUPO(GENERO_GRUPO, NOMBRE_GRUPO) VALUES ('Jazz', 'Threeplay');
INSERT INTO GRUPO(GENERO_GRUPO, NOMBRE_GRUPO) VALUES ('Jazz', 'Spyro Ungyra');
INSERT INTO GRUPO(GENERO_GRUPO, NOMBRE_GRUPO) VALUES ('Jazz', 'Earth, Wind and Water');
INSERT INTO GRUPO(GENERO_GRUPO, NOMBRE_GRUPO) VALUES ('Jazz', 'Art Tatto');
INSERT INTO GRUPO(GENERO_GRUPO, NOMBRE_GRUPO) VALUES ('Jazz', 'Benny Badman');
INSERT INTO GRUPO(GENERO_GRUPO, NOMBRE_GRUPO) VALUES ('Reggae', 'Bob Harley');
INSERT INTO GRUPO(GENERO_GRUPO, NOMBRE_GRUPO) VALUES ('Reggae', 'Toots & The Apriltals');
INSERT INTO GRUPO(GENERO_GRUPO, NOMBRE_GRUPO) VALUES ('Reggae', 'Ziggy Harley');
INSERT INTO GRUPO(GENERO_GRUPO, NOMBRE_GRUPO) VALUES ('Reggae', 'UB39');
INSERT INTO GRUPO(GENERO_GRUPO, NOMBRE_GRUPO) VALUES ('Reggae', 'Sly and Free');
INSERT INTO GRUPO(GENERO_GRUPO, NOMBRE_GRUPO) VALUES ('Rap', 'Wi-Teng Clan');
INSERT INTO GRUPO(GENERO_GRUPO, NOMBRE_GRUPO) VALUES ('Rap', 'N.W.B');
INSERT INTO GRUPO(GENERO_GRUPO, NOMBRE_GRUPO) VALUES ('Rap', 'Run-CMD');
INSERT INTO GRUPO(GENERO_GRUPO, NOMBRE_GRUPO) VALUES ('Rap', 'A tribe called missinon');
INSERT INTO GRUPO(GENERO_GRUPO, NOMBRE_GRUPO) VALUES ('Rap', 'Public Friend');
INSERT INTO GRUPO(GENERO_GRUPO, NOMBRE_GRUPO) VALUES ('Electronic', 'Daft Rock');
INSERT INTO GRUPO(GENERO_GRUPO, NOMBRE_GRUPO) VALUES ('Electronic', 'Crackwerk');
INSERT INTO GRUPO(GENERO_GRUPO, NOMBRE_GRUPO) VALUES ('Electronic', 'The Doctor Brothers');
INSERT INTO GRUPO(GENERO_GRUPO, NOMBRE_GRUPO) VALUES ('Electronic', 'The Unprodigy');
INSERT INTO GRUPO(GENERO_GRUPO, NOMBRE_GRUPO) VALUES ('Electronic', 'Boards of Alasca');
INSERT INTO GRUPO(GENERO_GRUPO, NOMBRE_GRUPO) VALUES ('Heavy Metal', 'Destallica');
INSERT INTO GRUPO(GENERO_GRUPO, NOMBRE_GRUPO) VALUES ('Heavy Metal', 'Dream Museum');
INSERT INTO GRUPO(GENERO_GRUPO, NOMBRE_GRUPO) VALUES ('Heavy Metal', 'Iron Waiden');
INSERT INTO GRUPO(GENERO_GRUPO, NOMBRE_GRUPO) VALUES ('Heavy Metal', 'Splayer');
INSERT INTO GRUPO(GENERO_GRUPO, NOMBRE_GRUPO) VALUES ('Heavy Metal', 'Megalife');

-- MUSICO
INSERT INTO MUSICO VALUES ('25801802B', 'Jim', 'Magger', 'Calle Piedras', 673858);
INSERT INTO MUSICO VALUES ('03892666P', 'Reith', 'Kichard', 'Calle Piedras', 679858);
INSERT INTO MUSICO VALUES ('40684639P', 'Warlie', 'Catts', 'Calle Piedras', 679878);
INSERT INTO MUSICO VALUES ('79874650C', 'Won', 'Rood', 'Calle Piedras', 678878);
INSERT INTO MUSICO VALUES ('60298840Q', 'Axel', 'Flower', 'Calle Cielo', 678848);
INSERT INTO MUSICO VALUES ('60853212L', 'Ash', 'Sl', 'Calle del Cepillo', 612878);
INSERT INTO MUSICO VALUES ('10284209N', 'Muff', 'DcKagan','Calle Felicidad', 676478);
INSERT INTO MUSICO VALUES ('69364011J', 'Diggy', 'Reez','Calle Pantomina', 670878);
INSERT INTO MUSICO VALUES ('07459831B', 'Lurs', 'Alrich','Calle Pantomina', 676788);
INSERT INTO MUSICO VALUES ('41679098Q', 'Jame', 'Hellfield','Calle Pantomina', 676278);
INSERT INTO MUSICO VALUES ('43725876R', 'Hirk', 'Kammett', 'Calle Piedras', 671478);
INSERT INTO MUSICO VALUES ('67904582A', 'Roberto', 'Trujillo', 'Calle del Cepillo', 606478);
INSERT INTO MUSICO VALUES ('20127703N', 'James', 'Bob', 'Calle Farinha',676471);
INSERT INTO MUSICO VALUES ('30552843B', 'Loeb', 'Chuck', 'Calle del Cepillo', 645478);
INSERT INTO MUSICO VALUES ('14630059N', 'Nathan', 'West', 'Calle del Cepillo', 673178);
INSERT INTO MUSICO VALUES ('99339565N', 'Jarvey', 'Meson', 'Calle Piedras', 676458);
INSERT INTO MUSICO VALUES ('04116506N', 'John', 'Brianson','Calle Pantomina', 676228);
INSERT INTO MUSICO VALUES ('18930909T', 'Angus', 'Old','Calle Pantomina', 676291);
INSERT INTO MUSICO VALUES ('35508934Q', 'Stevie', 'Old','Calle Pantomina', 641228);
INSERT INTO MUSICO VALUES ('84567677N', 'Phil', 'Rude','Calle Pantomina', 693228);
INSERT INTO MUSICO VALUES ('70307152Q', 'Freddie', 'Oxygen','Calle Farinha', 645628);
INSERT INTO MUSICO VALUES ('22138391V', 'Brian', 'April', 'Calle del Cepillo', 686628);
INSERT INTO MUSICO VALUES ('04681379M', 'Tayger', 'Rolor','Calle Farinha', 648128);
INSERT INTO MUSICO VALUES ('77939246C', 'John', 'Orangenn', 'Calle Piedras', 614528);
INSERT INTO MUSICO VALUES ('89723090K', 'Paul', 'McPaulFace', 'Calle Piedras', 685428);
INSERT INTO MUSICO VALUES ('78115588K', 'George', 'Ford', 'Calle Piedras', 601928);
INSERT INTO MUSICO VALUES ('75747011F', 'Ringo', 'Monn', 'Calle Piedras', 692528);
INSERT INTO MUSICO VALUES ('22964095K', 'John', 'Coltrone','Calle Farinha', 649109);
INSERT INTO MUSICO VALUES ('26086445Y', 'Miles', 'Davis', 'Calle Piedras', 644899);
INSERT INTO MUSICO VALUES ('24644404L', 'Duke', 'Ellington','Calle Farinha', 685709);
INSERT INTO MUSICO VALUES ('22754613T', 'Louis', 'Amstrong','Calle Farinha', 608209);
INSERT INTO MUSICO VALUES ('44465906Y', 'Thelonious', 'Monk','Calle Farinha', 639009);
INSERT INTO MUSICO VALUES ('17115494K', 'Charlie', 'Parker','Calle Farinha', 602909);
INSERT INTO MUSICO VALUES ('15607145N', 'Herbie', 'Hancock', 'Calle Piedras', 687499);
INSERT INTO MUSICO VALUES ('59024610D', 'Ella', 'Fitzgerlad','Calle Pantomina', 685019);
INSERT INTO MUSICO VALUES ('86471999A', 'Charles', 'Mingus','Calle Farinha', 607409);
INSERT INTO MUSICO VALUES ('00723665Q', 'Sonny', 'Rollins', 'Calle del Cepillo', 693789);
INSERT INTO MUSICO VALUES ('92043066X', 'Billie', 'Holliday','Calle Pantomina', 602859);
INSERT INTO MUSICO VALUES ('69860457G', 'Bob', 'Harley','Calle Farinha', 692848);
INSERT INTO MUSICO VALUES ('23423003X', 'Frederik', 'Hibberts','Calle Farinha', 685738);
INSERT INTO MUSICO VALUES ('50245332S', 'Paul', 'Douglas','Calle Farinha', 699875);
INSERT INTO MUSICO VALUES ('92524441H', 'Carl', 'Harvey','Calle Farinha', 699848);
INSERT INTO MUSICO VALUES ('11621162K', 'Jackie', 'Jackson','Calle Farinha', 688748);
INSERT INTO MUSICO VALUES ('69893479K', 'Leba', 'Thomas','Calle Farinha', 699948);
INSERT INTO MUSICO VALUES ('37720651F', 'Ziggy', 'Harley','Calle Farinha', 644988);
INSERT INTO MUSICO VALUES ('19289235D', 'Rita', 'Harley','Calle Farinha', 696578);
INSERT INTO MUSICO VALUES ('85422439W', 'Damian', 'Harley','Calle Farinha', 694228);
INSERT INTO MUSICO VALUES ('16573214N', 'Kymani', 'Harley','Calle Farinha', 695878);
INSERT INTO MUSICO VALUES ('89893693X', 'Jimmy', 'Brown','Calle Farinha', 611578);
INSERT INTO MUSICO VALUES ('27660073C', 'Duncan', 'Campbell','Calle Farinha', 614538);
INSERT INTO MUSICO VALUES ('52257819W', 'Earl', 'Falconer','Calle Farinha', 612879);
INSERT INTO MUSICO VALUES ('64047104Q', 'Sly', 'Dumbar','Calle Farinha', 624538);
INSERT INTO MUSICO VALUES ('21207485J', 'Robbie', 'Shakespeare','Calle Farinha', 622879);
INSERT INTO MUSICO VALUES ('91203780V', 'GhostFace', 'Killah','Calle Pantomina', 613378);
INSERT INTO MUSICO VALUES ('12319495M', 'Method', 'Man','Calle Pantomina', 618998);
INSERT INTO MUSICO VALUES ('15935204E', 'Inspectah', 'Deck','Calle Pantomina', 612239);
INSERT INTO MUSICO VALUES ('61505514H', 'André', 'Patton', 'Calle Piedras', 624511);
INSERT INTO MUSICO VALUES ('83899683F', 'André', 'Benjamin', 'Calle Piedras', 622822);
INSERT INTO MUSICO VALUES ('56022535D', 'Joseph', 'Simmons', 'Calle del Cepillo', 613312);
INSERT INTO MUSICO VALUES ('65681629T', 'Darryl', 'MacDannields','Calle Pantomina', 618913);
INSERT INTO MUSICO VALUES ('93648089R', 'Jason', 'Mizell', 'Calle Piedras', 612233);
INSERT INTO MUSICO VALUES ('56779701S', 'Q', 'Typed', 'Calle del Cepillo', 613222);
INSERT INTO MUSICO VALUES ('89517953K', 'Ali', 'Shaheed','Calle Pantomina', 618143);
INSERT INTO MUSICO VALUES ('85459532L', 'Jarobi', 'White', 'Calle Piedras', 612253);
INSERT INTO MUSICO VALUES ('02550386P', 'Proffessor', 'Giff', 'Calle del Cepillo', 613172);
INSERT INTO MUSICO VALUES ('44196518V', 'Terminator', 'X','Calle Pantomina', 618183);
INSERT INTO MUSICO VALUES ('19397488R', 'DJ', 'Lord', 'Calle Piedras', 612003);
INSERT INTO MUSICO VALUES ('46903490G', 'Duck', 'D', 'Calle Piedras', 612903);
INSERT INTO MUSICO VALUES ('14673528B', 'Guy-Manuel', 'de Homem-Christo', 'Calle Piedras', 623098);
INSERT INTO MUSICO VALUES ('64766023R', 'Thomas', 'Bangalter', 'Calle Piedras', 623118);
INSERT INTO MUSICO VALUES ('18567904G', 'Ralf', 'Hütter', 'Calle del Cepillo', 689522);
INSERT INTO MUSICO VALUES ('25353448L', 'Fritz', 'Hilpert','Calle Pantomina', 699883);
INSERT INTO MUSICO VALUES ('43811846C', 'Henning', 'Schmitz', 'Calle Piedras', 611113);
INSERT INTO MUSICO VALUES ('73946694S', 'Falk', 'Grieffenhagen', 'Calle Piedras', 622203);
INSERT INTO MUSICO VALUES ('48702760F', 'Tom', 'Rowlands', 'Calle Piedras', 634498);
INSERT INTO MUSICO VALUES ('44566679Q', 'Ed', 'Simons', 'Calle Piedras', 645518);
INSERT INTO MUSICO VALUES ('53217462Q', 'Maxim', 'Reality', 'Calle Piedras', 635568);
INSERT INTO MUSICO VALUES ('01621055S', 'Liam', 'Howlett', 'Calle Piedras', 649988);
INSERT INTO MUSICO VALUES ('17460286C', 'Mike', 'Sandison', 'Calle Piedras', 699108);
INSERT INTO MUSICO VALUES ('92800631R', 'Marcus', 'Eoin', 'Calle Piedras', 649918);
INSERT INTO MUSICO VALUES ('70155839C', 'James', 'LaBrie', 'Calle del Cepillo', 611122);
INSERT INTO MUSICO VALUES ('85968264Z', 'John', 'Petrucci','Calle Pantomina', 614453);
INSERT INTO MUSICO VALUES ('45080967R', 'John', 'Myung', 'Calle Piedras', 622313);
INSERT INTO MUSICO VALUES ('81771491M', 'Jordan', 'Rudess', 'Calle Piedras', 699103);
INSERT INTO MUSICO VALUES ('88410147X', 'Mike', 'Mangini', 'Calle Piedras', 668298);
INSERT INTO MUSICO VALUES ('81234005Y', 'Steve', 'Harrys', 'Calle del Cepillo', 619172);
INSERT INTO MUSICO VALUES ('77083053W', 'Bruce', 'Dickinson','Calle Pantomina', 636553);
INSERT INTO MUSICO VALUES ('55295671Z', 'Dave', 'Murray', 'Calle Piedras', 622991);
INSERT INTO MUSICO VALUES ('63870556Q', 'Adrian', 'Smith', 'Calle Piedras', 699000);
INSERT INTO MUSICO VALUES ('89246502Q', 'Nicko', 'McBrain', 'Calle Piedras', 666648);
INSERT INTO MUSICO VALUES ('04430110B', 'Janick', 'Gers', 'Calle Piedras', 644458);
INSERT INTO MUSICO VALUES ('91561434K', 'Tom', 'Aray', 'Calle Piedras', 699991);
INSERT INTO MUSICO VALUES ('43877397K', 'Kerry', 'King', 'Calle Piedras', 681760);
INSERT INTO MUSICO VALUES ('57410420M', 'Paul', 'Bostaph', 'Calle Piedras', 663448);
INSERT INTO MUSICO VALUES ('75518139P', 'Gary', 'Holt', 'Calle Piedras', 699100);
INSERT INTO MUSICO VALUES ('37149259G', 'Dave', 'Mustaine', 'Calle Piedras', 661781);
INSERT INTO MUSICO VALUES ('55728668J', 'David', 'Ellefson', 'Calle Piedras', 699016);
INSERT INTO MUSICO VALUES ('82253991B', 'Kiko', 'Loureiro', 'Calle Piedras', 669948);
INSERT INTO MUSICO VALUES ('05856287G', 'Dirk', 'Verbeuren', 'Calle Piedras', 691111);

-- CALLE_CIUDAD

INSERT INTO CALLE_CIUDAD VALUES ('Calle Piedras', '581392', 'Valencia');
INSERT INTO CALLE_CIUDAD VALUES ('Calle Cielo', '4750', 'Madrid');
INSERT INTO CALLE_CIUDAD VALUES ('Calle del Cepillo', '23490', 'Cuenca');
INSERT INTO CALLE_CIUDAD VALUES ('Calle Felicidad', '581392', 'Valencia');
INSERT INTO CALLE_CIUDAD VALUES ('Calle Pantomina', '24581', 'Lugo');
INSERT INTO CALLE_CIUDAD VALUES ('Calle Farinha', '420420', 'Barcelona');


-- INSTRUMENTOS
INSERT INTO INSTRUMENTO(NOMBRE_INSTRUMENTO, TIPO_INSTRUMENTO) VALUES('Gibson Les Paul', 'Guitarra Electrica');
INSERT INTO INSTRUMENTO(NOMBRE_INSTRUMENTO, TIPO_INSTRUMENTO) VALUES('Fender Stratocaster', 'Guitarra Electrica');
INSERT INTO INSTRUMENTO(NOMBRE_INSTRUMENTO, TIPO_INSTRUMENTO) VALUES('Gibson SG', 'Guitarra Electrica');
INSERT INTO INSTRUMENTO(NOMBRE_INSTRUMENTO, TIPO_INSTRUMENTO) VALUES('Fender Telecaster', 'Guitarra Electrica');
INSERT INTO INSTRUMENTO(NOMBRE_INSTRUMENTO, TIPO_INSTRUMENTO) VALUES('Gibson Flying V', 'Guitarra Electrica');
INSERT INTO INSTRUMENTO(NOMBRE_INSTRUMENTO, TIPO_INSTRUMENTO) VALUES('Baby Bass', 'Bajo');
INSERT INTO INSTRUMENTO(NOMBRE_INSTRUMENTO, TIPO_INSTRUMENTO) VALUES('Gibson EB-01', 'Bajo');
INSERT INTO INSTRUMENTO(NOMBRE_INSTRUMENTO, TIPO_INSTRUMENTO) VALUES('ESP Tom Araya', 'Bajo');
INSERT INTO INSTRUMENTO(NOMBRE_INSTRUMENTO, TIPO_INSTRUMENTO) VALUES('Fender Bass VI', 'Bajo');
INSERT INTO INSTRUMENTO(NOMBRE_INSTRUMENTO, TIPO_INSTRUMENTO) VALUES('Fender Jazz Bass', 'Bajo');
INSERT INTO INSTRUMENTO(NOMBRE_INSTRUMENTO, TIPO_INSTRUMENTO) VALUES('DW Pure Almond', 'Bateria');
INSERT INTO INSTRUMENTO(NOMBRE_INSTRUMENTO, TIPO_INSTRUMENTO) VALUES('Catalina Club', 'Bateria');
INSERT INTO INSTRUMENTO(NOMBRE_INSTRUMENTO, TIPO_INSTRUMENTO) VALUES('AQ2 Safari', 'Bateria');
INSERT INTO INSTRUMENTO(NOMBRE_INSTRUMENTO, TIPO_INSTRUMENTO) VALUES('New Tornado', 'Bateria');
INSERT INTO INSTRUMENTO(NOMBRE_INSTRUMENTO, TIPO_INSTRUMENTO) VALUES('Yamaha PHX', 'Bateria');
INSERT INTO INSTRUMENTO(NOMBRE_INSTRUMENTO, TIPO_INSTRUMENTO) VALUES('Picolo PT-910S', 'Saxofon');
INSERT INTO INSTRUMENTO(NOMBRE_INSTRUMENTO, TIPO_INSTRUMENTO) VALUES('Michael TR430CN', 'Saxofon');
INSERT INTO INSTRUMENTO(NOMBRE_INSTRUMENTO, TIPO_INSTRUMENTO) VALUES('Andoer Bb', 'Saxofon');
INSERT INTO INSTRUMENTO(NOMBRE_INSTRUMENTO, TIPO_INSTRUMENTO) VALUES('Pampet Plastico', 'Saxofon');
INSERT INTO INSTRUMENTO(NOMBRE_INSTRUMENTO, TIPO_INSTRUMENTO) VALUES('Cherrystone Jäger', 'Saxofon');
INSERT INTO INSTRUMENTO(NOMBRE_INSTRUMENTO, TIPO_INSTRUMENTO) VALUES('Voz', 'Voz');
INSERT INTO INSTRUMENTO(NOMBRE_INSTRUMENTO, TIPO_INSTRUMENTO) VALUES('Salvador Cortez 10CE', 'Guitarra');
INSERT INTO INSTRUMENTO(NOMBRE_INSTRUMENTO, TIPO_INSTRUMENTO) VALUES('Alhambra 1C', 'Guitarra');
INSERT INTO INSTRUMENTO(NOMBRE_INSTRUMENTO, TIPO_INSTRUMENTO) VALUES('Alhambra Z-Nature', 'Guitarra');
INSERT INTO INSTRUMENTO(NOMBRE_INSTRUMENTO, TIPO_INSTRUMENTO) VALUES('Alhambra Rosewood', 'Guitarra');
INSERT INTO INSTRUMENTO(NOMBRE_INSTRUMENTO, TIPO_INSTRUMENTO) VALUES('Admira Rosario', 'Guitarra');
INSERT INTO INSTRUMENTO(NOMBRE_INSTRUMENTO, TIPO_INSTRUMENTO) VALUES('Yamaha C-7X', 'Piano');
INSERT INTO INSTRUMENTO(NOMBRE_INSTRUMENTO, TIPO_INSTRUMENTO) VALUES('Schulze Pollmann', 'Piano');
INSERT INTO INSTRUMENTO(NOMBRE_INSTRUMENTO, TIPO_INSTRUMENTO) VALUES('Pianova GP-125', 'Piano');
INSERT INTO INSTRUMENTO(NOMBRE_INSTRUMENTO, TIPO_INSTRUMENTO) VALUES('Casio PX-780', 'Piano');

-- COMPOSITOR
INSERT INTO COMPOSITOR(DNI_MUSICO) VALUES ('19289235D');
INSERT INTO COMPOSITOR(DNI_MUSICO) VALUES ('60853212L');
INSERT INTO COMPOSITOR(DNI_MUSICO) VALUES ('41679098Q');
INSERT INTO COMPOSITOR(DNI_MUSICO) VALUES ('25801802B');
INSERT INTO COMPOSITOR(DNI_MUSICO) VALUES ('14630059N');
INSERT INTO COMPOSITOR(DNI_MUSICO) VALUES ('18930909T');
INSERT INTO COMPOSITOR(DNI_MUSICO) VALUES ('78115588K');
INSERT INTO COMPOSITOR(DNI_MUSICO) VALUES ('04681379M');
INSERT INTO COMPOSITOR(DNI_MUSICO) VALUES ('26086445Y');
INSERT INTO COMPOSITOR(DNI_MUSICO) VALUES ('15607145N');
INSERT INTO COMPOSITOR(DNI_MUSICO) VALUES ('81234005Y');
INSERT INTO COMPOSITOR(DNI_MUSICO) VALUES ('86471999A');
INSERT INTO COMPOSITOR(DNI_MUSICO) VALUES ('00723665Q');
INSERT INTO COMPOSITOR(DNI_MUSICO) VALUES ('69860457G');
INSERT INTO COMPOSITOR(DNI_MUSICO) VALUES ('92524441H');
INSERT INTO COMPOSITOR(DNI_MUSICO) VALUES ('52257819W');
INSERT INTO COMPOSITOR(DNI_MUSICO) VALUES ('21207485J');
INSERT INTO COMPOSITOR(DNI_MUSICO) VALUES ('91203780V');
INSERT INTO COMPOSITOR(DNI_MUSICO) VALUES ('83899683F');
INSERT INTO COMPOSITOR(DNI_MUSICO) VALUES ('65681629T');
INSERT INTO COMPOSITOR(DNI_MUSICO) VALUES ('89517953K');
INSERT INTO COMPOSITOR(DNI_MUSICO) VALUES ('14673528B');
INSERT INTO COMPOSITOR(DNI_MUSICO) VALUES ('44196518V');
INSERT INTO COMPOSITOR(DNI_MUSICO) VALUES ('18567904G');
INSERT INTO COMPOSITOR(DNI_MUSICO) VALUES ('44566679Q');
INSERT INTO COMPOSITOR(DNI_MUSICO) VALUES ('01621055S');
INSERT INTO COMPOSITOR(DNI_MUSICO) VALUES ('92800631R');
INSERT INTO COMPOSITOR(DNI_MUSICO) VALUES ('70155839C');
INSERT INTO COMPOSITOR(DNI_MUSICO) VALUES ('91561434K');

-- DISCO
INSERT INTO DISCO(FECHA_EDICION, TITULO_DISCO, GENERO_DISCO)
VALUES ('1979-07-17','Highway to Heaven','Rock');
INSERT INTO DISCO(FECHA_EDICION, TITULO_DISCO, GENERO_DISCO)
VALUES ('1980-03-20','Roses for the win','Rock');
INSERT INTO DISCO(FECHA_EDICION, TITULO_DISCO, GENERO_DISCO)
VALUES ('2017-05-14','Rolling hard','Rock');
INSERT INTO DISCO(FECHA_EDICION, TITULO_DISCO, GENERO_DISCO)
VALUES ('2017-11-21','Looking for a queen','Rock');
INSERT INTO DISCO(FECHA_EDICION, TITULO_DISCO, GENERO_DISCO)
VALUES ('2018-03-24','Sounds of the soul','Jazz');
INSERT INTO DISCO(FECHA_EDICION, TITULO_DISCO, GENERO_DISCO)
VALUES ('2017-01-02','Trumpets from our lifes','Jazz');
INSERT INTO DISCO(FECHA_EDICION, TITULO_DISCO, GENERO_DISCO)
VALUES ('1994-08-12','Fire','Jazz');
INSERT INTO DISCO(FECHA_EDICION, TITULO_DISCO, GENERO_DISCO)
VALUES ('2018-05-16','The seed','Reggae');
INSERT INTO DISCO(FECHA_EDICION, TITULO_DISCO, GENERO_DISCO)
VALUES ('2017-07-01','How about your name?','Reggae');
INSERT INTO DISCO(FECHA_EDICION, TITULO_DISCO, GENERO_DISCO)
VALUES ('2017-07-01','Smoke','Rap');
INSERT INTO DISCO(FECHA_EDICION, TITULO_DISCO, GENERO_DISCO)
VALUES ('2017-08-05','B.R.O','Rap');
INSERT INTO DISCO(FECHA_EDICION, TITULO_DISCO, GENERO_DISCO)
VALUES ('2018-05-18','We just gonna have fun','Reggae');
INSERT INTO DISCO(FECHA_EDICION, TITULO_DISCO, GENERO_DISCO)
VALUES ('1992-11-10','Dont try to change me','Rap');
INSERT INTO DISCO(FECHA_EDICION, TITULO_DISCO, GENERO_DISCO)
VALUES ('2017-05-11','F*ck punk','Electronic');
INSERT INTO DISCO(FECHA_EDICION, TITULO_DISCO, GENERO_DISCO)
VALUES ('1997-06-14','Move your body','Electronic');
INSERT INTO DISCO(FECHA_EDICION, TITULO_DISCO, GENERO_DISCO)
VALUES ('2018-03-11','Take my medicine','Electronic');
INSERT INTO DISCO(FECHA_EDICION, TITULO_DISCO, GENERO_DISCO)
VALUES ('1998-06-01)','Hard steel','Heavy Metal');
INSERT INTO DISCO(FECHA_EDICION, TITULO_DISCO, GENERO_DISCO)
VALUES ('1997-10-17','Rekkles','Heavy Metal');
INSERT INTO DISCO(FECHA_EDICION, TITULO_DISCO, GENERO_DISCO)
VALUES ('2018-12-21','Slay the guitar','Heavy Metal');

-- DISCO FISICO
INSERT INTO DISCO_FISICO VALUES(1, 20);
INSERT INTO DISCO_FISICO VALUES(2, 30);
INSERT INTO DISCO_FISICO VALUES(3, 10);
INSERT INTO DISCO_FISICO VALUES(4, 5);
INSERT INTO DISCO_FISICO VALUES(5, 15);
INSERT INTO DISCO_FISICO VALUES(6, 40);
INSERT INTO DISCO_FISICO VALUES(7, 50);
INSERT INTO DISCO_FISICO VALUES(8, 20);
INSERT INTO DISCO_FISICO VALUES(9, 25);
INSERT INTO DISCO_FISICO VALUES(10, 20);
INSERT INTO DISCO_FISICO VALUES(11, 30);
INSERT INTO DISCO_FISICO VALUES(12, 35);
INSERT INTO DISCO_FISICO VALUES(13, 35);
INSERT INTO DISCO_FISICO VALUES(14, 30);
INSERT INTO DISCO_FISICO VALUES(15, 20);
INSERT INTO DISCO_FISICO VALUES(16, 20);
INSERT INTO DISCO_FISICO VALUES(17, 20);
INSERT INTO DISCO_FISICO VALUES(18,10);
INSERT INTO DISCO_FISICO VALUES(19, 10);

-- DISCO DIGITAL
INSERT INTO DISCO_DIGITAL VALUES(1, 15, 10);
INSERT INTO DISCO_DIGITAL VALUES(2, 15, 20);
INSERT INTO DISCO_DIGITAL VALUES(3, 20, 20);
INSERT INTO DISCO_DIGITAL VALUES(4, 25, 25);
INSERT INTO DISCO_DIGITAL VALUES(5, 30, 5);
INSERT INTO DISCO_DIGITAL VALUES(6, 35, 30);
INSERT INTO DISCO_DIGITAL VALUES(7, 30, 30);
INSERT INTO DISCO_DIGITAL VALUES(8, 10, 35);
INSERT INTO DISCO_DIGITAL VALUES(9, 15, 5);
INSERT INTO DISCO_DIGITAL VALUES(10, 10, 50);
INSERT INTO DISCO_DIGITAL VALUES(11, 10, 20);
INSERT INTO DISCO_DIGITAL VALUES(12, 20, 25);
INSERT INTO DISCO_DIGITAL VALUES(13, 25, 15);
INSERT INTO DISCO_DIGITAL VALUES(14, 25, 10);
INSERT INTO DISCO_DIGITAL VALUES(15, 35, 40);
INSERT INTO DISCO_DIGITAL VALUES(16, 30, 50);
INSERT INTO DISCO_DIGITAL VALUES(17, 30, 30);
INSERT INTO DISCO_DIGITAL VALUES(18, 30, 20);
INSERT INTO DISCO_DIGITAL VALUES(19, 30, 20);

-- CANCIONES
INSERT INTO CANCION(DURACION, NOMBRE_CANCION)
VALUES('2.32', 'Highway to Heaven');
INSERT INTO CANCION(DURACION, NOMBRE_CANCION)
VALUES('2.30', 'Boys get the rythm');
INSERT INTO CANCION(DURACION, NOMBRE_CANCION)
VALUES('2.40', 'Walk in you');
INSERT INTO CANCION(DURACION, NOMBRE_CANCION)
VALUES('3.25', 'Touch too less');
INSERT INTO CANCION(DURACION, NOMBRE_CANCION)
VALUES('3.15', 'Get it cold');
INSERT INTO CANCION(DURACION, NOMBRE_CANCION)
VALUES('2.18', 'Hate hungry man');
INSERT INTO CANCION(DURACION, NOMBRE_CANCION)
VALUES('2.40', 'Raystruck');
INSERT INTO CANCION(DURACION, NOMBRE_CANCION)
VALUES('3.25', 'Heaven Bells');
INSERT INTO CANCION(DURACION, NOMBRE_CANCION)
VALUES('3.15', 'Low Voltage');
INSERT INTO CANCION(DURACION, NOMBRE_CANCION)
VALUES('5.18', 'Back in White');
INSERT INTO CANCION(DURACION, NOMBRE_CANCION)
VALUES('2.18', 'Ride Off');
INSERT INTO CANCION(DURACION, NOMBRE_CANCION)
VALUES('3.15', 'Get it cold');
INSERT INTO CANCION(DURACION, NOMBRE_CANCION)
VALUES('5.30', 'Welcome to the city');
INSERT INTO CANCION(DURACION, NOMBRE_CANCION)
VALUES('1.30', 'Daytrain');
INSERT INTO CANCION(DURACION, NOMBRE_CANCION)
VALUES('1.40', 'Paradise Jungle');
INSERT INTO CANCION(DURACION, NOMBRE_CANCION)
VALUES('3.25', 'Sweet Child of yours');
INSERT INTO CANCION(DURACION, NOMBRE_CANCION)
VALUES('3.30', 'You ''re clever');
INSERT INTO CANCION(DURACION, NOMBRE_CANCION)
VALUES('3.30', 'Move to the country');
INSERT INTO CANCION(DURACION, NOMBRE_CANCION)
VALUES('2.30', 'Pappa Kin');
INSERT INTO CANCION(DURACION, NOMBRE_CANCION)
VALUES('4.40', 'One in a million');
INSERT INTO CANCION(DURACION, NOMBRE_CANCION)
VALUES('2.25','Wanna found you');
INSERT INTO CANCION(DURACION, NOMBRE_CANCION)
VALUES('2.01','Inferno');
INSERT INTO CANCION(DURACION, NOMBRE_CANCION)
VALUES('3.12','Do it again');
INSERT INTO CANCION(DURACION, NOMBRE_CANCION)
VALUES('3.08','Rose');
INSERT INTO CANCION(DURACION, NOMBRE_CANCION)
VALUES('2.14','Knock by the sun');
INSERT INTO CANCION(DURACION, NOMBRE_CANCION)
VALUES('2.18','Downtown');
INSERT INTO CANCION(DURACION, NOMBRE_CANCION)
VALUES('4.40', 'One in a million');
INSERT INTO CANCION(DURACION, NOMBRE_CANCION)
VALUES('2.07','Love,Death and robots');
INSERT INTO CANCION(DURACION, NOMBRE_CANCION)
VALUES('3.10','System of a system');
INSERT INTO CANCION(DURACION, NOMBRE_CANCION)
VALUES('4.00','Where our dimension is?');
INSERT INTO CANCION(DURACION, NOMBRE_CANCION)
VALUES('2.12','Barracuda');
INSERT INTO CANCION(DURACION, NOMBRE_CANCION)
VALUES('2.48','Eye of the Tiger');
INSERT INTO CANCION(DURACION, NOMBRE_CANCION)
VALUES('2.12','Mr.Sunshine');
INSERT INTO CANCION(DURACION, NOMBRE_CANCION)
VALUES('3.11','Richy is working hard');
INSERT INTO CANCION(DURACION, NOMBRE_CANCION)
VALUES('3.09','Is she the real one?');
INSERT INTO CANCION(DURACION, NOMBRE_CANCION)
VALUES('3.00','Crazy');
INSERT INTO CANCION(DURACION, NOMBRE_CANCION)
VALUES('2.39','Let''s eat the real world');
INSERT INTO CANCION(DURACION, NOMBRE_CANCION)
VALUES('2.58','Workstation');
INSERT INTO CANCION(DURACION, NOMBRE_CANCION)
VALUES('2.41','Rise');
INSERT INTO CANCION(DURACION, NOMBRE_CANCION)
VALUES('2.56','Are you gonna miss that way?');
INSERT INTO CANCION(DURACION, NOMBRE_CANCION)
VALUES('2.39','Niggas run the world');
INSERT INTO CANCION(DURACION, NOMBRE_CANCION)
VALUES('2.11','Side K of the moon');
INSERT INTO CANCION(DURACION, NOMBRE_CANCION)
VALUES('2.58','Talk to the hand');
INSERT INTO CANCION(DURACION, NOMBRE_CANCION)
VALUES('2.39','Rush BB');
INSERT INTO CANCION(DURACION, NOMBRE_CANCION)
VALUES('2.11','Undergrounds');
INSERT INTO CANCION(DURACION, NOMBRE_CANCION)
VALUES('2.58','Nights on LA');
INSERT INTO CANCION(DURACION, NOMBRE_CANCION)
VALUES('2.39','Learning through the life');
INSERT INTO CANCION(DURACION, NOMBRE_CANCION)
VALUES('2.11','Open your mind');
INSERT INTO CANCION(DURACION, NOMBRE_CANCION)
VALUES('2.58','LOL');
INSERT INTO CANCION(DURACION, NOMBRE_CANCION)
VALUES('2.39','I see green drakes');
INSERT INTO CANCION(DURACION, NOMBRE_CANCION)
VALUES('2.11','W E E D');
INSERT INTO CANCION(DURACION, NOMBRE_CANCION)
VALUES('2.58','Mirror');
INSERT INTO CANCION(DURACION, NOMBRE_CANCION)
VALUES('2.39','Pony and tojas');
INSERT INTO CANCION(DURACION, NOMBRE_CANCION)
VALUES('2.11','The chicken little');
INSERT INTO CANCION(DURACION, NOMBRE_CANCION)
VALUES('2.58','Animals gonna go wild');
INSERT INTO CANCION(DURACION, NOMBRE_CANCION)
VALUES('2.58','Animals gonna go wild');
INSERT INTO CANCION(DURACION, NOMBRE_CANCION)
VALUES('2.39','Blondie');
INSERT INTO CANCION(DURACION, NOMBRE_CANCION)
VALUES('2.11','Wireless cutting wires');
INSERT INTO CANCION(DURACION, NOMBRE_CANCION)
VALUES('2.58','Automatic');
INSERT INTO CANCION(DURACION, NOMBRE_CANCION)
VALUES('2.39','Things can be our friends');
INSERT INTO CANCION(DURACION, NOMBRE_CANCION)
VALUES('2.58','White light, blue light, black head');
INSERT INTO CANCION(DURACION, NOMBRE_CANCION)
VALUES('2.39','Someone loking at');
INSERT INTO CANCION(DURACION, NOMBRE_CANCION)
VALUES('2.11','Crying');
INSERT INTO CANCION(DURACION, NOMBRE_CANCION)
VALUES('2.58','At the end');
INSERT INTO CANCION(DURACION, NOMBRE_CANCION)
VALUES('3.30', 'Move to the country');

-- CONCIERTO
INSERT INTO CONCIERTO(ID_GRUPO, CIUDAD_CONCIERTO, FECHA_CONCIERTO)
VALUES(1,'MADRID', '2018-01-23');
INSERT INTO CONCIERTO(ID_GRUPO, CIUDAD_CONCIERTO, FECHA_CONCIERTO)
VALUES (2,'OSLO', '2017-01-23');
INSERT INTO CONCIERTO (ID_GRUPO, CIUDAD_CONCIERTO, FECHA_CONCIERTO)
VALUES (3,'GANTE', '2018-01-24');
INSERT INTO CONCIERTO (ID_GRUPO, CIUDAD_CONCIERTO, FECHA_CONCIERTO)
VALUES (4,'BARCELONA', '2019-01-23');
INSERT INTO CONCIERTO (ID_GRUPO, CIUDAD_CONCIERTO, FECHA_CONCIERTO)
VALUES (4,'MADRID', '2018-02-23');
INSERT INTO CONCIERTO (ID_GRUPO, CIUDAD_CONCIERTO, FECHA_CONCIERTO)
VALUES (5,'ALICANTE', '2018-05-21');
INSERT INTO CONCIERTO (ID_GRUPO, CIUDAD_CONCIERTO, FECHA_CONCIERTO)
VALUES (6,'OSLO', '2018-05-16');
INSERT INTO CONCIERTO (ID_GRUPO, CIUDAD_CONCIERTO, FECHA_CONCIERTO)
VALUES (6,'GANTE', '2018-02-03');
INSERT INTO CONCIERTO (ID_GRUPO, CIUDAD_CONCIERTO, FECHA_CONCIERTO)
VALUES (7,'BARCELONA', '2018-06-23');
INSERT INTO CONCIERTO (ID_GRUPO, CIUDAD_CONCIERTO, FECHA_CONCIERTO)
VALUES (8,'OSLO', '2018-12-23');
INSERT INTO CONCIERTO (ID_GRUPO, CIUDAD_CONCIERTO, FECHA_CONCIERTO)
VALUES (9,'BRUSELAS', '2018-01-30');
INSERT INTO CONCIERTO (ID_GRUPO, CIUDAD_CONCIERTO, FECHA_CONCIERTO)
VALUES (9,'MADRID', '2018-10-23');
INSERT INTO CONCIERTO (ID_GRUPO, CIUDAD_CONCIERTO, FECHA_CONCIERTO)
VALUES (10,'OSLO', '2018-01-13');
INSERT INTO CONCIERTO (ID_GRUPO, CIUDAD_CONCIERTO, FECHA_CONCIERTO)
VALUES (10,'GANTE', '2018-04-23');
INSERT INTO CONCIERTO (ID_GRUPO, CIUDAD_CONCIERTO, FECHA_CONCIERTO)
VALUES (11,'MADRID', '2018-02-23');
INSERT INTO CONCIERTO (ID_GRUPO, CIUDAD_CONCIERTO, FECHA_CONCIERTO) 
VALUES (12,'BARCELONA', '2018-07-15');
INSERT INTO CONCIERTO (ID_GRUPO, CIUDAD_CONCIERTO, FECHA_CONCIERTO)
VALUES (13,'OSLO', '2018-11-23');
INSERT INTO CONCIERTO (ID_GRUPO, CIUDAD_CONCIERTO, FECHA_CONCIERTO)
VALUES (14,'BRUSELAS', '2018-09-23');
INSERT INTO CONCIERTO (ID_GRUPO, CIUDAD_CONCIERTO, FECHA_CONCIERTO)
VALUES (15,'MADRID', '2018-01-31');
INSERT INTO CONCIERTO (ID_GRUPO, CIUDAD_CONCIERTO, FECHA_CONCIERTO)
VALUES (16,'BARCELONA', '2018-08-23');
INSERT INTO CONCIERTO (ID_GRUPO, CIUDAD_CONCIERTO, FECHA_CONCIERTO)
VALUES (17,'OSLO', '2018-03-23');
INSERT INTO CONCIERTO (ID_GRUPO, CIUDAD_CONCIERTO, FECHA_CONCIERTO)
VALUES (18,'GANTE', '2018-02-12');
INSERT INTO CONCIERTO (ID_GRUPO, CIUDAD_CONCIERTO, FECHA_CONCIERTO)
VALUES (19,'MADRID', '2018-10-12');
INSERT INTO CONCIERTO (ID_GRUPO, CIUDAD_CONCIERTO, FECHA_CONCIERTO)
VALUES (10,'MADRID', '2018-05-19');
INSERT INTO CONCIERTO (ID_GRUPO, CIUDAD_CONCIERTO, FECHA_CONCIERTO)
VALUES (21,'BARCELONA', '2018-08-12');
INSERT INTO CONCIERTO (ID_GRUPO, CIUDAD_CONCIERTO, FECHA_CONCIERTO)
VALUES (22,'OSLO', '2018-07-23');
INSERT INTO CONCIERTO (ID_GRUPO, CIUDAD_CONCIERTO, FECHA_CONCIERTO)
VALUES (23,'BRUSELAS', '2018-02-21');
INSERT INTO CONCIERTO (ID_GRUPO, CIUDAD_CONCIERTO, FECHA_CONCIERTO)
VALUES (24,'MADRID', '2018-02-03');
INSERT INTO CONCIERTO (ID_GRUPO, CIUDAD_CONCIERTO, FECHA_CONCIERTO)
VALUES (25,'OSLO', '2018-04-15');
INSERT INTO CONCIERTO (ID_GRUPO, CIUDAD_CONCIERTO, FECHA_CONCIERTO)
VALUES (26,'GANTE', '2018-04-19');
INSERT INTO CONCIERTO (ID_GRUPO, CIUDAD_CONCIERTO, FECHA_CONCIERTO)
VALUES (27,'BARCELONA', '2018-06-23');
INSERT INTO CONCIERTO (ID_GRUPO, CIUDAD_CONCIERTO, FECHA_CONCIERTO)
VALUES (28,'MADRID', '2018-06-08');
INSERT INTO CONCIERTO (ID_GRUPO, CIUDAD_CONCIERTO, FECHA_CONCIERTO)
VALUES (29,'OSLO', '2018-09-04');
INSERT INTO CONCIERTO (ID_GRUPO, CIUDAD_CONCIERTO, FECHA_CONCIERTO)
VALUES (30,'GANTE', '2018-02-21');

INSERT INTO PAIS_CONCIERTO VALUES('MADRID', 'ESPAÑA');
INSERT INTO PAIS_CONCIERTO VALUES('BARCELONA', 'ESPAÑA');
INSERT INTO PAIS_CONCIERTO VALUES('ALICANTE', 'ESPAÑA');
INSERT INTO PAIS_CONCIERTO VALUES('GANTE', 'BELGICA');
INSERT INTO PAIS_CONCIERTO VALUES('BRUSELAS', 'BELGICA');
INSERT INTO PAIS_CONCIERTO VALUES('OSLO', 'NORUEGA');

-- ENTRADA
INSERT INTO ENTRADA(ID_CONCIERTO) VALUES (28);
INSERT INTO ENTRADA(ID_CONCIERTO) VALUES (23);
INSERT INTO ENTRADA(ID_CONCIERTO) VALUES (12);
INSERT INTO ENTRADA(ID_CONCIERTO) VALUES (12);
INSERT INTO ENTRADA(ID_CONCIERTO) VALUES (4);
INSERT INTO ENTRADA(ID_CONCIERTO) VALUES (20);
INSERT INTO ENTRADA(ID_CONCIERTO) VALUES (1);
INSERT INTO ENTRADA(ID_CONCIERTO) VALUES (22);
INSERT INTO ENTRADA(ID_CONCIERTO) VALUES (24);
INSERT INTO ENTRADA(ID_CONCIERTO) VALUES (15);
INSERT INTO ENTRADA(ID_CONCIERTO) VALUES (16);
INSERT INTO ENTRADA(ID_CONCIERTO) VALUES (18);
INSERT INTO ENTRADA(ID_CONCIERTO) VALUES (16);
INSERT INTO ENTRADA(ID_CONCIERTO) VALUES (12);
INSERT INTO ENTRADA(ID_CONCIERTO) VALUES (12);
INSERT INTO ENTRADA(ID_CONCIERTO) VALUES (5);
INSERT INTO ENTRADA(ID_CONCIERTO) VALUES (20);
INSERT INTO ENTRADA(ID_CONCIERTO) VALUES (3);
INSERT INTO ENTRADA(ID_CONCIERTO) VALUES (22);
INSERT INTO ENTRADA(ID_CONCIERTO) VALUES (24);
INSERT INTO ENTRADA(ID_CONCIERTO) VALUES (25);
INSERT INTO ENTRADA(ID_CONCIERTO) VALUES (26);

-- PRECIO_ENTRADA
INSERT INTO PRECIO_ENTRADA VALUES (1, 20);
INSERT INTO PRECIO_ENTRADA VALUES (2, 20);
INSERT INTO PRECIO_ENTRADA VALUES (3, 15);
INSERT INTO PRECIO_ENTRADA VALUES (4, 10);
INSERT INTO PRECIO_ENTRADA VALUES (5, 40);
INSERT INTO PRECIO_ENTRADA VALUES (6, 20);
INSERT INTO PRECIO_ENTRADA VALUES (7, 15);
INSERT INTO PRECIO_ENTRADA VALUES (8, 25);
INSERT INTO PRECIO_ENTRADA VALUES (9, 25);
INSERT INTO PRECIO_ENTRADA VALUES (10, 15);
INSERT INTO PRECIO_ENTRADA VALUES (11, 15);
INSERT INTO PRECIO_ENTRADA VALUES (12, 15);
INSERT INTO PRECIO_ENTRADA VALUES (13, 15);
INSERT INTO PRECIO_ENTRADA VALUES (14, 10);
INSERT INTO PRECIO_ENTRADA VALUES (15, 10);
INSERT INTO PRECIO_ENTRADA VALUES (16, 50);
INSERT INTO PRECIO_ENTRADA VALUES (17, 20);
INSERT INTO PRECIO_ENTRADA VALUES (18, 80);
INSERT INTO PRECIO_ENTRADA VALUES (19, 90);
INSERT INTO PRECIO_ENTRADA VALUES (20, 30);
INSERT INTO PRECIO_ENTRADA VALUES (21, 25);
INSERT INTO PRECIO_ENTRADA VALUES (22, 25);


-- INSTRUMENTO_MUSICO
INSERT INTO INSTRUMENTO_MUSICO(DNI_MUSICO, NOMBRE_INSTRUMENTO)
VALUES('25801802B', 'Gibson Les Paul');
INSERT INTO INSTRUMENTO_MUSICO(DNI_MUSICO, NOMBRE_INSTRUMENTO)
VALUES('25801802B', 'Voz');
INSERT INTO INSTRUMENTO_MUSICO(DNI_MUSICO, NOMBRE_INSTRUMENTO)
VALUES('03892666P', 'Baby Bass');
INSERT INTO INSTRUMENTO_MUSICO(DNI_MUSICO, NOMBRE_INSTRUMENTO)
VALUES('40684639P', 'DW Pure Almond');
INSERT INTO INSTRUMENTO_MUSICO(DNI_MUSICO, NOMBRE_INSTRUMENTO)
VALUES('79874650C', 'ESP Tom Araya');
INSERT INTO INSTRUMENTO_MUSICO(DNI_MUSICO, NOMBRE_INSTRUMENTO)
VALUES('60298840Q', 'Voz');
INSERT INTO INSTRUMENTO_MUSICO(DNI_MUSICO, NOMBRE_INSTRUMENTO)
VALUES('60853212L', 'Gibson Flying V');
INSERT INTO INSTRUMENTO_MUSICO(DNI_MUSICO, NOMBRE_INSTRUMENTO)
VALUES('10284209N', 'Fender Bass VI');
INSERT INTO INSTRUMENTO_MUSICO(DNI_MUSICO, NOMBRE_INSTRUMENTO)
VALUES('10284209N', 'Voz');
INSERT INTO INSTRUMENTO_MUSICO(DNI_MUSICO, NOMBRE_INSTRUMENTO)
VALUES('10284209N', 'Picolo PT-910S');
INSERT INTO INSTRUMENTO_MUSICO(DNI_MUSICO, NOMBRE_INSTRUMENTO)
VALUES('69364011J', 'Fender Telecaster');
INSERT INTO INSTRUMENTO_MUSICO(DNI_MUSICO, NOMBRE_INSTRUMENTO)
VALUES('07459831B', 'Casio PX-780');
INSERT INTO INSTRUMENTO_MUSICO(DNI_MUSICO, NOMBRE_INSTRUMENTO)
VALUES('41679098Q', 'Cherrystone Jäger');
INSERT INTO INSTRUMENTO_MUSICO(DNI_MUSICO, NOMBRE_INSTRUMENTO)
VALUES('43725876R', 'DW Pure Almond');
INSERT INTO INSTRUMENTO_MUSICO(DNI_MUSICO, NOMBRE_INSTRUMENTO)
VALUES('67904582A', 'Fender Telecaster');
INSERT INTO INSTRUMENTO_MUSICO(DNI_MUSICO, NOMBRE_INSTRUMENTO)
VALUES('20127703N', 'Voz');
INSERT INTO INSTRUMENTO_MUSICO(DNI_MUSICO, NOMBRE_INSTRUMENTO)
VALUES('30552843B', 'Baby Bass');
INSERT INTO INSTRUMENTO_MUSICO(DNI_MUSICO, NOMBRE_INSTRUMENTO)
VALUES('14630059N', 'Fender Bass VI');
INSERT INTO INSTRUMENTO_MUSICO(DNI_MUSICO, NOMBRE_INSTRUMENTO)
VALUES('99339565N', 'Voz');
INSERT INTO INSTRUMENTO_MUSICO(DNI_MUSICO, NOMBRE_INSTRUMENTO)
VALUES('99339565N', 'Fender Stratocaster');
INSERT INTO INSTRUMENTO_MUSICO(DNI_MUSICO, NOMBRE_INSTRUMENTO)
VALUES('04116506N', 'Fender Stratocaster');
INSERT INTO INSTRUMENTO_MUSICO(DNI_MUSICO, NOMBRE_INSTRUMENTO)
VALUES('18930909T', 'Voz');
INSERT INTO INSTRUMENTO_MUSICO(DNI_MUSICO, NOMBRE_INSTRUMENTO)
VALUES('35508934Q', 'Baby Bass');
INSERT INTO INSTRUMENTO_MUSICO(DNI_MUSICO, NOMBRE_INSTRUMENTO)
VALUES('84567677N', 'DW Pure Almond');
INSERT INTO INSTRUMENTO_MUSICO(DNI_MUSICO, NOMBRE_INSTRUMENTO)
VALUES('70307152Q', 'ESP Tom Araya');
INSERT INTO INSTRUMENTO_MUSICO(DNI_MUSICO, NOMBRE_INSTRUMENTO)
VALUES('22138391V', 'Voz');
INSERT INTO INSTRUMENTO_MUSICO(DNI_MUSICO, NOMBRE_INSTRUMENTO)
VALUES('04681379M', 'Gibson Flying V');
INSERT INTO INSTRUMENTO_MUSICO(DNI_MUSICO, NOMBRE_INSTRUMENTO)
VALUES('77939246C', 'Fender Bass VI');
INSERT INTO INSTRUMENTO_MUSICO(DNI_MUSICO, NOMBRE_INSTRUMENTO)
VALUES('89723090K', 'Voz');
INSERT INTO INSTRUMENTO_MUSICO(DNI_MUSICO, NOMBRE_INSTRUMENTO)
VALUES('78115588K', 'Picolo PT-910S');
INSERT INTO INSTRUMENTO_MUSICO(DNI_MUSICO, NOMBRE_INSTRUMENTO)
VALUES('75747011F', 'Gibson SG');
INSERT INTO INSTRUMENTO_MUSICO(DNI_MUSICO, NOMBRE_INSTRUMENTO)
VALUES('22964095K', 'Casio PX-780');
INSERT INTO INSTRUMENTO_MUSICO(DNI_MUSICO, NOMBRE_INSTRUMENTO)
VALUES('26086445Y', 'Cherrystone Jäger');
INSERT INTO INSTRUMENTO_MUSICO(DNI_MUSICO, NOMBRE_INSTRUMENTO)
VALUES('24644404L', 'DW Pure Almond');
INSERT INTO INSTRUMENTO_MUSICO(DNI_MUSICO, NOMBRE_INSTRUMENTO)
VALUES('22754613T', 'Fender Telecaster');
INSERT INTO INSTRUMENTO_MUSICO(DNI_MUSICO, NOMBRE_INSTRUMENTO)
VALUES('44465906Y', 'Voz');
INSERT INTO INSTRUMENTO_MUSICO(DNI_MUSICO, NOMBRE_INSTRUMENTO)
VALUES('17115494K', 'Admira Rosario');
INSERT INTO INSTRUMENTO_MUSICO(DNI_MUSICO, NOMBRE_INSTRUMENTO)
VALUES('15607145N', 'Pianova GP-125');
INSERT INTO INSTRUMENTO_MUSICO(DNI_MUSICO, NOMBRE_INSTRUMENTO)
VALUES('59024610D', 'Voz');
INSERT INTO INSTRUMENTO_MUSICO(DNI_MUSICO, NOMBRE_INSTRUMENTO)
VALUES('86471999A', 'Fender Stratocaster');
INSERT INTO INSTRUMENTO_MUSICO(DNI_MUSICO, NOMBRE_INSTRUMENTO)
VALUES('00723665Q', 'Gibson Les Paul');
INSERT INTO INSTRUMENTO_MUSICO(DNI_MUSICO, NOMBRE_INSTRUMENTO)
VALUES('92043066X', 'Voz');
INSERT INTO INSTRUMENTO_MUSICO(DNI_MUSICO, NOMBRE_INSTRUMENTO)
VALUES('69860457G', 'Baby Bass');
INSERT INTO INSTRUMENTO_MUSICO(DNI_MUSICO, NOMBRE_INSTRUMENTO)
VALUES('23423003X', 'Fender Jazz Bass');
INSERT INTO INSTRUMENTO_MUSICO(DNI_MUSICO, NOMBRE_INSTRUMENTO)
VALUES('50245332S', 'ESP Tom Araya');
INSERT INTO INSTRUMENTO_MUSICO(DNI_MUSICO, NOMBRE_INSTRUMENTO)
VALUES('92524441H', 'Voz');
INSERT INTO INSTRUMENTO_MUSICO(DNI_MUSICO, NOMBRE_INSTRUMENTO)
VALUES('11621162K', 'Gibson Flying V');
INSERT INTO INSTRUMENTO_MUSICO(DNI_MUSICO, NOMBRE_INSTRUMENTO)
VALUES('69893479K', 'Fender Bass VI');
INSERT INTO INSTRUMENTO_MUSICO(DNI_MUSICO, NOMBRE_INSTRUMENTO)
VALUES('37720651F', 'Voz');
INSERT INTO INSTRUMENTO_MUSICO(DNI_MUSICO, NOMBRE_INSTRUMENTO)
VALUES('19289235D', 'Picolo PT-910S');
INSERT INTO INSTRUMENTO_MUSICO(DNI_MUSICO, NOMBRE_INSTRUMENTO)
VALUES('85422439W', 'Gibson SG');
INSERT INTO INSTRUMENTO_MUSICO(DNI_MUSICO, NOMBRE_INSTRUMENTO)
VALUES('16573214N', 'Casio PX-780');
INSERT INTO INSTRUMENTO_MUSICO(DNI_MUSICO, NOMBRE_INSTRUMENTO)
VALUES('89893693X', 'Cherrystone Jäger');
INSERT INTO INSTRUMENTO_MUSICO(DNI_MUSICO, NOMBRE_INSTRUMENTO)
VALUES('27660073C', 'DW Pure Almond');
INSERT INTO INSTRUMENTO_MUSICO(DNI_MUSICO, NOMBRE_INSTRUMENTO)
VALUES('52257819W', 'Fender Telecaster');
INSERT INTO INSTRUMENTO_MUSICO(DNI_MUSICO, NOMBRE_INSTRUMENTO)
VALUES('64047104Q', 'Voz');
INSERT INTO INSTRUMENTO_MUSICO(DNI_MUSICO, NOMBRE_INSTRUMENTO)
VALUES('21207485J', 'Baby Bass');
INSERT INTO INSTRUMENTO_MUSICO(DNI_MUSICO, NOMBRE_INSTRUMENTO)
VALUES('91203780V', 'Fender Bass VI');
INSERT INTO INSTRUMENTO_MUSICO(DNI_MUSICO, NOMBRE_INSTRUMENTO)
VALUES('12319495M', 'Voz');
INSERT INTO INSTRUMENTO_MUSICO(DNI_MUSICO, NOMBRE_INSTRUMENTO)
VALUES('15935204E', 'Fender Stratocaster');
INSERT INTO INSTRUMENTO_MUSICO(DNI_MUSICO, NOMBRE_INSTRUMENTO)
VALUES('61505514H', 'Fender Stratocaster');
INSERT INTO INSTRUMENTO_MUSICO(DNI_MUSICO, NOMBRE_INSTRUMENTO)
VALUES('83899683F', 'Voz');
INSERT INTO INSTRUMENTO_MUSICO(DNI_MUSICO, NOMBRE_INSTRUMENTO)
VALUES('56022535D', 'Baby Bass');
INSERT INTO INSTRUMENTO_MUSICO(DNI_MUSICO, NOMBRE_INSTRUMENTO)
VALUES('65681629T', 'DW Pure Almond');
INSERT INTO INSTRUMENTO_MUSICO(DNI_MUSICO, NOMBRE_INSTRUMENTO)
VALUES('93648089R', 'ESP Tom Araya');
INSERT INTO INSTRUMENTO_MUSICO(DNI_MUSICO, NOMBRE_INSTRUMENTO)
VALUES('56779701S', 'Voz');
INSERT INTO INSTRUMENTO_MUSICO(DNI_MUSICO, NOMBRE_INSTRUMENTO)
VALUES('89517953K', 'Gibson Flying V');
INSERT INTO INSTRUMENTO_MUSICO(DNI_MUSICO, NOMBRE_INSTRUMENTO)
VALUES('85459532L', 'Fender Bass VI');
INSERT INTO INSTRUMENTO_MUSICO(DNI_MUSICO, NOMBRE_INSTRUMENTO)
VALUES('02550386P', 'Voz');
INSERT INTO INSTRUMENTO_MUSICO(DNI_MUSICO, NOMBRE_INSTRUMENTO)
VALUES('44196518V', 'Picolo PT-910S');
INSERT INTO INSTRUMENTO_MUSICO(DNI_MUSICO, NOMBRE_INSTRUMENTO)
VALUES('19397488R', 'Gibson SG');
INSERT INTO INSTRUMENTO_MUSICO(DNI_MUSICO, NOMBRE_INSTRUMENTO)
VALUES('46903490G', 'Casio PX-780');
INSERT INTO INSTRUMENTO_MUSICO(DNI_MUSICO, NOMBRE_INSTRUMENTO)
VALUES('14673528B', 'Cherrystone Jäger');
INSERT INTO INSTRUMENTO_MUSICO(DNI_MUSICO, NOMBRE_INSTRUMENTO)
VALUES('64766023R', 'DW Pure Almond');
INSERT INTO INSTRUMENTO_MUSICO(DNI_MUSICO, NOMBRE_INSTRUMENTO)
VALUES('18567904G', 'Fender Telecaster');
INSERT INTO INSTRUMENTO_MUSICO(DNI_MUSICO, NOMBRE_INSTRUMENTO)
VALUES('25353448L', 'Voz');
INSERT INTO INSTRUMENTO_MUSICO(DNI_MUSICO, NOMBRE_INSTRUMENTO)
VALUES('43811846C', 'Admira Rosario');
INSERT INTO INSTRUMENTO_MUSICO(DNI_MUSICO, NOMBRE_INSTRUMENTO)
VALUES('73946694S', 'Pianova GP-125');
INSERT INTO INSTRUMENTO_MUSICO(DNI_MUSICO, NOMBRE_INSTRUMENTO)
VALUES('48702760F', 'Voz');
INSERT INTO INSTRUMENTO_MUSICO(DNI_MUSICO, NOMBRE_INSTRUMENTO)
VALUES('44566679Q', 'Fender Stratocaster');
INSERT INTO INSTRUMENTO_MUSICO(DNI_MUSICO, NOMBRE_INSTRUMENTO)
VALUES('53217462Q', 'Casio PX-780');
INSERT INTO INSTRUMENTO_MUSICO(DNI_MUSICO, NOMBRE_INSTRUMENTO)
VALUES('01621055S', 'Cherrystone Jäger');
INSERT INTO INSTRUMENTO_MUSICO(DNI_MUSICO, NOMBRE_INSTRUMENTO)
VALUES('17460286C', 'DW Pure Almond');
INSERT INTO INSTRUMENTO_MUSICO(DNI_MUSICO, NOMBRE_INSTRUMENTO)
VALUES('92800631R', 'Fender Telecaster');
INSERT INTO INSTRUMENTO_MUSICO(DNI_MUSICO, NOMBRE_INSTRUMENTO)
VALUES('70155839C', 'Voz');
INSERT INTO INSTRUMENTO_MUSICO(DNI_MUSICO, NOMBRE_INSTRUMENTO)
VALUES('85968264Z', 'Baby Bass');
INSERT INTO INSTRUMENTO_MUSICO(DNI_MUSICO, NOMBRE_INSTRUMENTO)
VALUES('45080967R', 'Fender Bass VI');
INSERT INTO INSTRUMENTO_MUSICO(DNI_MUSICO, NOMBRE_INSTRUMENTO)
VALUES('81771491M', 'Voz');
INSERT INTO INSTRUMENTO_MUSICO(DNI_MUSICO, NOMBRE_INSTRUMENTO)
VALUES('88410147X', 'Fender Stratocaster');
INSERT INTO INSTRUMENTO_MUSICO(DNI_MUSICO, NOMBRE_INSTRUMENTO)
VALUES('81234005Y', 'Fender Stratocaster');
INSERT INTO INSTRUMENTO_MUSICO(DNI_MUSICO, NOMBRE_INSTRUMENTO)
VALUES('77083053W', 'Voz');
INSERT INTO INSTRUMENTO_MUSICO(DNI_MUSICO, NOMBRE_INSTRUMENTO)
VALUES('55295671Z', 'Baby Bass');
INSERT INTO INSTRUMENTO_MUSICO(DNI_MUSICO, NOMBRE_INSTRUMENTO)
VALUES('63870556Q', 'DW Pure Almond');
INSERT INTO INSTRUMENTO_MUSICO(DNI_MUSICO, NOMBRE_INSTRUMENTO)
VALUES('89246502Q', 'ESP Tom Araya');
INSERT INTO INSTRUMENTO_MUSICO(DNI_MUSICO, NOMBRE_INSTRUMENTO)
VALUES('04430110B', 'Voz');
INSERT INTO INSTRUMENTO_MUSICO(DNI_MUSICO, NOMBRE_INSTRUMENTO)
VALUES('91561434K', 'Gibson Flying V');
INSERT INTO INSTRUMENTO_MUSICO(DNI_MUSICO, NOMBRE_INSTRUMENTO)
VALUES('43877397K', 'Fender Bass VI');
INSERT INTO INSTRUMENTO_MUSICO(DNI_MUSICO, NOMBRE_INSTRUMENTO)
VALUES('57410420M', 'Voz');
INSERT INTO INSTRUMENTO_MUSICO(DNI_MUSICO, NOMBRE_INSTRUMENTO)
VALUES('75518139P', 'Picolo PT-910S');
INSERT INTO INSTRUMENTO_MUSICO(DNI_MUSICO, NOMBRE_INSTRUMENTO)
VALUES('37149259G', 'Gibson SG');
INSERT INTO INSTRUMENTO_MUSICO(DNI_MUSICO, NOMBRE_INSTRUMENTO)
VALUES('55728668J', 'Casio PX-780');
INSERT INTO INSTRUMENTO_MUSICO(DNI_MUSICO, NOMBRE_INSTRUMENTO)
VALUES('82253991B', 'Cherrystone Jäger');
INSERT INTO INSTRUMENTO_MUSICO(DNI_MUSICO, NOMBRE_INSTRUMENTO)
VALUES('05856287G', 'DW Pure Almond');

-- DISCO_GRUPO
INSERT INTO DISCO_GRUPO(ID_GRUPO, ID_DISCO)VALUES(1,1);
INSERT INTO DISCO_GRUPO(ID_GRUPO, ID_DISCO)VALUES(1,2);
INSERT INTO DISCO_GRUPO(ID_GRUPO, ID_DISCO)VALUES(2,3);
INSERT INTO DISCO_GRUPO(ID_GRUPO, ID_DISCO)VALUES(3,4);
INSERT INTO DISCO_GRUPO(ID_GRUPO, ID_DISCO)VALUES(6,5);
INSERT INTO DISCO_GRUPO(ID_GRUPO, ID_DISCO)VALUES(4,6);
INSERT INTO DISCO_GRUPO(ID_GRUPO, ID_DISCO)VALUES(7,7);
INSERT INTO DISCO_GRUPO(ID_GRUPO, ID_DISCO)VALUES(11,8);
INSERT INTO DISCO_GRUPO(ID_GRUPO, ID_DISCO)VALUES(12,9);
INSERT INTO DISCO_GRUPO(ID_GRUPO, ID_DISCO)VALUES(16,10);
INSERT INTO DISCO_GRUPO(ID_GRUPO, ID_DISCO)VALUES(17,11);
INSERT INTO DISCO_GRUPO(ID_GRUPO, ID_DISCO)VALUES(15,12);
INSERT INTO DISCO_GRUPO(ID_GRUPO, ID_DISCO)VALUES(21,14);
INSERT INTO DISCO_GRUPO(ID_GRUPO, ID_DISCO)VALUES(22,15);
INSERT INTO DISCO_GRUPO(ID_GRUPO, ID_DISCO)VALUES(23,16);
INSERT INTO DISCO_GRUPO(ID_GRUPO, ID_DISCO)VALUES(26,17);
INSERT INTO DISCO_GRUPO(ID_GRUPO, ID_DISCO)VALUES(26,18);
INSERT INTO DISCO_GRUPO(ID_GRUPO, ID_DISCO)VALUES(26,19);

-- CANCION_DISCO
INSERT INTO CANCION_DISCO(ID_CANCION, ID_DISCO)VALUES(1,1);
INSERT INTO CANCION_DISCO(ID_CANCION, ID_DISCO)VALUES(2,1);
INSERT INTO CANCION_DISCO(ID_CANCION, ID_DISCO)VALUES(3,1);
INSERT INTO CANCION_DISCO(ID_CANCION, ID_DISCO)VALUES(4,1);
INSERT INTO CANCION_DISCO(ID_CANCION, ID_DISCO)VALUES(5,1);
INSERT INTO CANCION_DISCO(ID_CANCION, ID_DISCO)VALUES(6,1);
INSERT INTO CANCION_DISCO(ID_CANCION, ID_DISCO)VALUES(7,1);
INSERT INTO CANCION_DISCO(ID_CANCION, ID_DISCO)VALUES(8,1);
INSERT INTO CANCION_DISCO(ID_CANCION, ID_DISCO)VALUES(9,1);
INSERT INTO CANCION_DISCO(ID_CANCION, ID_DISCO)VALUES(10,1);
INSERT INTO CANCION_DISCO(ID_CANCION, ID_DISCO)VALUES(11,2);
INSERT INTO CANCION_DISCO(ID_CANCION, ID_DISCO)VALUES(12,2);
INSERT INTO CANCION_DISCO(ID_CANCION, ID_DISCO)VALUES(13,2);
INSERT INTO CANCION_DISCO(ID_CANCION, ID_DISCO)VALUES(14,3);
INSERT INTO CANCION_DISCO(ID_CANCION, ID_DISCO)VALUES(15,3);
INSERT INTO CANCION_DISCO(ID_CANCION, ID_DISCO)VALUES(16,3);
INSERT INTO CANCION_DISCO(ID_CANCION, ID_DISCO)VALUES(17,4);
INSERT INTO CANCION_DISCO(ID_CANCION, ID_DISCO)VALUES(18,4);
INSERT INTO CANCION_DISCO(ID_CANCION, ID_DISCO)VALUES(19,5);
INSERT INTO CANCION_DISCO(ID_CANCION, ID_DISCO)VALUES(20,5);
INSERT INTO CANCION_DISCO(ID_CANCION, ID_DISCO)VALUES(21,5);
INSERT INTO CANCION_DISCO(ID_CANCION, ID_DISCO)VALUES(22,6);
INSERT INTO CANCION_DISCO(ID_CANCION, ID_DISCO)VALUES(23,6);
INSERT INTO CANCION_DISCO(ID_CANCION, ID_DISCO)VALUES(24,6);
INSERT INTO CANCION_DISCO(ID_CANCION, ID_DISCO)VALUES(25,7);
INSERT INTO CANCION_DISCO(ID_CANCION, ID_DISCO)VALUES(26,7);
INSERT INTO CANCION_DISCO(ID_CANCION, ID_DISCO)VALUES(27,7);
INSERT INTO CANCION_DISCO(ID_CANCION, ID_DISCO)VALUES(28,8);
INSERT INTO CANCION_DISCO(ID_CANCION, ID_DISCO)VALUES(29,8);
INSERT INTO CANCION_DISCO(ID_CANCION, ID_DISCO)VALUES(30,8);
INSERT INTO CANCION_DISCO(ID_CANCION, ID_DISCO)VALUES(31,9);
INSERT INTO CANCION_DISCO(ID_CANCION, ID_DISCO)VALUES(32,9);
INSERT INTO CANCION_DISCO(ID_CANCION, ID_DISCO)VALUES(33,9);
INSERT INTO CANCION_DISCO(ID_CANCION, ID_DISCO)VALUES(34,10);
INSERT INTO CANCION_DISCO(ID_CANCION, ID_DISCO)VALUES(35,10);
INSERT INTO CANCION_DISCO(ID_CANCION, ID_DISCO)VALUES(36,10);
INSERT INTO CANCION_DISCO(ID_CANCION, ID_DISCO)VALUES(37,11);
INSERT INTO CANCION_DISCO(ID_CANCION, ID_DISCO)VALUES(38,11);
INSERT INTO CANCION_DISCO(ID_CANCION, ID_DISCO)VALUES(39,11);
INSERT INTO CANCION_DISCO(ID_CANCION, ID_DISCO)VALUES(40,12);
INSERT INTO CANCION_DISCO(ID_CANCION, ID_DISCO)VALUES(41,12);
INSERT INTO CANCION_DISCO(ID_CANCION, ID_DISCO)VALUES(42,12);
INSERT INTO CANCION_DISCO(ID_CANCION, ID_DISCO)VALUES(43,13);
INSERT INTO CANCION_DISCO(ID_CANCION, ID_DISCO)VALUES(44,13);
INSERT INTO CANCION_DISCO(ID_CANCION, ID_DISCO)VALUES(45,13);
INSERT INTO CANCION_DISCO(ID_CANCION, ID_DISCO)VALUES(46,14);
INSERT INTO CANCION_DISCO(ID_CANCION, ID_DISCO)VALUES(47,14);
INSERT INTO CANCION_DISCO(ID_CANCION, ID_DISCO)VALUES(48,14);
INSERT INTO CANCION_DISCO(ID_CANCION, ID_DISCO)VALUES(49,15);
INSERT INTO CANCION_DISCO(ID_CANCION, ID_DISCO)VALUES(50,15);
INSERT INTO CANCION_DISCO(ID_CANCION, ID_DISCO)VALUES(51,15);
INSERT INTO CANCION_DISCO(ID_CANCION, ID_DISCO)VALUES(52,16);
INSERT INTO CANCION_DISCO(ID_CANCION, ID_DISCO)VALUES(53,16);
INSERT INTO CANCION_DISCO(ID_CANCION, ID_DISCO)VALUES(54,16);
INSERT INTO CANCION_DISCO(ID_CANCION, ID_DISCO)VALUES(55,17);
INSERT INTO CANCION_DISCO(ID_CANCION, ID_DISCO)VALUES(56,17);
INSERT INTO CANCION_DISCO(ID_CANCION, ID_DISCO)VALUES(57,17);
INSERT INTO CANCION_DISCO(ID_CANCION, ID_DISCO)VALUES(58,18);
INSERT INTO CANCION_DISCO(ID_CANCION, ID_DISCO)VALUES(59,18);
INSERT INTO CANCION_DISCO(ID_CANCION, ID_DISCO)VALUES(60,18);
INSERT INTO CANCION_DISCO(ID_CANCION, ID_DISCO)VALUES(61,19);
INSERT INTO CANCION_DISCO(ID_CANCION, ID_DISCO)VALUES(62,19);
INSERT INTO CANCION_DISCO(ID_CANCION, ID_DISCO)VALUES(63,19);
INSERT INTO CANCION_DISCO(ID_CANCION, ID_DISCO)VALUES(64,19);
INSERT INTO CANCION_DISCO(ID_CANCION, ID_DISCO)VALUES(65,19);

-- MUSICO_GRUPO
INSERT INTO MUSICO_GRUPO(DNI_MUSICO, ID_GRUPO)VALUES('25801802B', 1);
INSERT INTO MUSICO_GRUPO(DNI_MUSICO, ID_GRUPO)VALUES('03892666P', 1);
INSERT INTO MUSICO_GRUPO(DNI_MUSICO, ID_GRUPO)VALUES('40684639P', 1);
INSERT INTO MUSICO_GRUPO(DNI_MUSICO, ID_GRUPO)VALUES('79874650C', 1);
INSERT INTO MUSICO_GRUPO(DNI_MUSICO, ID_GRUPO)VALUES('60298840Q', 1);
INSERT INTO MUSICO_GRUPO(DNI_MUSICO, ID_GRUPO)VALUES('60853212L', 2);
INSERT INTO MUSICO_GRUPO(DNI_MUSICO, ID_GRUPO)VALUES('10284209N', 2);
INSERT INTO MUSICO_GRUPO(DNI_MUSICO, ID_GRUPO)VALUES('69364011J', 2);
INSERT INTO MUSICO_GRUPO(DNI_MUSICO, ID_GRUPO)VALUES('07459831B', 2);
INSERT INTO MUSICO_GRUPO(DNI_MUSICO, ID_GRUPO)VALUES('41679098Q', 2);
INSERT INTO MUSICO_GRUPO(DNI_MUSICO, ID_GRUPO)VALUES('43725876R', 3);
INSERT INTO MUSICO_GRUPO(DNI_MUSICO, ID_GRUPO)VALUES('67904582A', 3);
INSERT INTO MUSICO_GRUPO(DNI_MUSICO, ID_GRUPO)VALUES('20127703N', 3);
INSERT INTO MUSICO_GRUPO(DNI_MUSICO, ID_GRUPO)VALUES('30552843B', 3);
INSERT INTO MUSICO_GRUPO(DNI_MUSICO, ID_GRUPO)VALUES('14630059N', 3);
INSERT INTO MUSICO_GRUPO(DNI_MUSICO, ID_GRUPO)VALUES('99339565N', 3);
INSERT INTO MUSICO_GRUPO(DNI_MUSICO, ID_GRUPO)VALUES('04116506N', 4);
INSERT INTO MUSICO_GRUPO(DNI_MUSICO, ID_GRUPO)VALUES('18930909T', 4);
INSERT INTO MUSICO_GRUPO(DNI_MUSICO, ID_GRUPO)VALUES('35508934Q', 4);
INSERT INTO MUSICO_GRUPO(DNI_MUSICO, ID_GRUPO)VALUES('84567677N', 4);
INSERT INTO MUSICO_GRUPO(DNI_MUSICO, ID_GRUPO)VALUES('70307152Q', 4);
INSERT INTO MUSICO_GRUPO(DNI_MUSICO, ID_GRUPO)VALUES('22138391V', 5);
INSERT INTO MUSICO_GRUPO(DNI_MUSICO, ID_GRUPO)VALUES('04681379M', 5);
INSERT INTO MUSICO_GRUPO(DNI_MUSICO, ID_GRUPO)VALUES('77939246C', 5);
INSERT INTO MUSICO_GRUPO(DNI_MUSICO, ID_GRUPO)VALUES('89723090K', 5);
INSERT INTO MUSICO_GRUPO(DNI_MUSICO, ID_GRUPO)VALUES('78115588K', 5);
INSERT INTO MUSICO_GRUPO(DNI_MUSICO, ID_GRUPO)VALUES('75747011F', 6);
INSERT INTO MUSICO_GRUPO(DNI_MUSICO, ID_GRUPO)VALUES('22964095K', 6);
INSERT INTO MUSICO_GRUPO(DNI_MUSICO, ID_GRUPO)VALUES('26086445Y', 6);
INSERT INTO MUSICO_GRUPO(DNI_MUSICO, ID_GRUPO)VALUES('24644404L', 26);
INSERT INTO MUSICO_GRUPO(DNI_MUSICO, ID_GRUPO)VALUES('22754613T', 26);
INSERT INTO MUSICO_GRUPO(DNI_MUSICO, ID_GRUPO)VALUES('44465906Y', 7);
INSERT INTO MUSICO_GRUPO(DNI_MUSICO, ID_GRUPO)VALUES('17115494K', 7);
INSERT INTO MUSICO_GRUPO(DNI_MUSICO, ID_GRUPO)VALUES('15607145N', 7);
INSERT INTO MUSICO_GRUPO(DNI_MUSICO, ID_GRUPO)VALUES('59024610D', 7);
INSERT INTO MUSICO_GRUPO(DNI_MUSICO, ID_GRUPO)VALUES('86471999A', 27);
INSERT INTO MUSICO_GRUPO(DNI_MUSICO, ID_GRUPO)VALUES('00723665Q', 8);
INSERT INTO MUSICO_GRUPO(DNI_MUSICO, ID_GRUPO)VALUES('92043066X', 8);
INSERT INTO MUSICO_GRUPO(DNI_MUSICO, ID_GRUPO)VALUES('69860457G', 28);
INSERT INTO MUSICO_GRUPO(DNI_MUSICO, ID_GRUPO)VALUES('23423003X', 28);
INSERT INTO MUSICO_GRUPO(DNI_MUSICO, ID_GRUPO)VALUES('50245332S', 28);
INSERT INTO MUSICO_GRUPO(DNI_MUSICO, ID_GRUPO)VALUES('92524441H', 9);
INSERT INTO MUSICO_GRUPO(DNI_MUSICO, ID_GRUPO)VALUES('11621162K', 9);
INSERT INTO MUSICO_GRUPO(DNI_MUSICO, ID_GRUPO)VALUES('69893479K', 29);
INSERT INTO MUSICO_GRUPO(DNI_MUSICO, ID_GRUPO)VALUES('37720651F', 30);
INSERT INTO MUSICO_GRUPO(DNI_MUSICO, ID_GRUPO)VALUES('19289235D', 30);
INSERT INTO MUSICO_GRUPO(DNI_MUSICO, ID_GRUPO)VALUES('85422439W', 10);
INSERT INTO MUSICO_GRUPO(DNI_MUSICO, ID_GRUPO)VALUES('16573214N', 10);
INSERT INTO MUSICO_GRUPO(DNI_MUSICO, ID_GRUPO)VALUES('89893693X', 10);
INSERT INTO MUSICO_GRUPO(DNI_MUSICO, ID_GRUPO)VALUES('27660073C', 10);
INSERT INTO MUSICO_GRUPO(DNI_MUSICO, ID_GRUPO)VALUES('52257819W', 10);
INSERT INTO MUSICO_GRUPO(DNI_MUSICO, ID_GRUPO)VALUES('64047104Q', 11);
INSERT INTO MUSICO_GRUPO(DNI_MUSICO, ID_GRUPO)VALUES('21207485J', 11);
INSERT INTO MUSICO_GRUPO(DNI_MUSICO, ID_GRUPO)VALUES('91203780V', 11);
INSERT INTO MUSICO_GRUPO(DNI_MUSICO, ID_GRUPO)VALUES('12319495M', 11);
INSERT INTO MUSICO_GRUPO(DNI_MUSICO, ID_GRUPO)VALUES('15935204E', 11);
INSERT INTO MUSICO_GRUPO(DNI_MUSICO, ID_GRUPO)VALUES('61505514H', 12);
INSERT INTO MUSICO_GRUPO(DNI_MUSICO, ID_GRUPO)VALUES('83899683F', 12);
INSERT INTO MUSICO_GRUPO(DNI_MUSICO, ID_GRUPO)VALUES('56022535D', 12);
INSERT INTO MUSICO_GRUPO(DNI_MUSICO, ID_GRUPO)VALUES('65681629T', 12);
INSERT INTO MUSICO_GRUPO(DNI_MUSICO, ID_GRUPO)VALUES('93648089R', 12);
INSERT INTO MUSICO_GRUPO(DNI_MUSICO, ID_GRUPO)VALUES('56779701S', 13);
INSERT INTO MUSICO_GRUPO(DNI_MUSICO, ID_GRUPO)VALUES('89517953K', 13);
INSERT INTO MUSICO_GRUPO(DNI_MUSICO, ID_GRUPO)VALUES('85459532L', 13);
INSERT INTO MUSICO_GRUPO(DNI_MUSICO, ID_GRUPO)VALUES('02550386P', 13);
INSERT INTO MUSICO_GRUPO(DNI_MUSICO, ID_GRUPO)VALUES('44196518V', 13);
INSERT INTO MUSICO_GRUPO(DNI_MUSICO, ID_GRUPO)VALUES('19397488R', 14);
INSERT INTO MUSICO_GRUPO(DNI_MUSICO, ID_GRUPO)VALUES('46903490G', 14);
INSERT INTO MUSICO_GRUPO(DNI_MUSICO, ID_GRUPO)VALUES('14673528B', 14);
INSERT INTO MUSICO_GRUPO(DNI_MUSICO, ID_GRUPO)VALUES('64766023R', 14);
INSERT INTO MUSICO_GRUPO(DNI_MUSICO, ID_GRUPO)VALUES('18567904G', 14);
INSERT INTO MUSICO_GRUPO(DNI_MUSICO, ID_GRUPO)VALUES('25353448L', 15);
INSERT INTO MUSICO_GRUPO(DNI_MUSICO, ID_GRUPO)VALUES('43811846C', 15);
INSERT INTO MUSICO_GRUPO(DNI_MUSICO, ID_GRUPO)VALUES('73946694S', 15);
INSERT INTO MUSICO_GRUPO(DNI_MUSICO, ID_GRUPO)VALUES('48702760F', 16);
INSERT INTO MUSICO_GRUPO(DNI_MUSICO, ID_GRUPO)VALUES('44566679Q', 16);
INSERT INTO MUSICO_GRUPO(DNI_MUSICO, ID_GRUPO)VALUES('53217462Q', 16);
INSERT INTO MUSICO_GRUPO(DNI_MUSICO, ID_GRUPO)VALUES('01621055S', 16);
INSERT INTO MUSICO_GRUPO(DNI_MUSICO, ID_GRUPO)VALUES('17460286C', 17);
INSERT INTO MUSICO_GRUPO(DNI_MUSICO, ID_GRUPO)VALUES('92800631R', 17);
INSERT INTO MUSICO_GRUPO(DNI_MUSICO, ID_GRUPO)VALUES('70155839C', 17);
INSERT INTO MUSICO_GRUPO(DNI_MUSICO, ID_GRUPO)VALUES('85968264Z', 18);
INSERT INTO MUSICO_GRUPO(DNI_MUSICO, ID_GRUPO)VALUES('45080967R', 18);
INSERT INTO MUSICO_GRUPO(DNI_MUSICO, ID_GRUPO)VALUES('81771491M', 19);
INSERT INTO MUSICO_GRUPO(DNI_MUSICO, ID_GRUPO)VALUES('88410147X', 20);
INSERT INTO MUSICO_GRUPO(DNI_MUSICO, ID_GRUPO)VALUES('81234005Y', 20);
INSERT INTO MUSICO_GRUPO(DNI_MUSICO, ID_GRUPO)VALUES('77083053W', 21);
INSERT INTO MUSICO_GRUPO(DNI_MUSICO, ID_GRUPO)VALUES('55295671Z', 21);
INSERT INTO MUSICO_GRUPO(DNI_MUSICO, ID_GRUPO)VALUES('63870556Q', 21);
INSERT INTO MUSICO_GRUPO(DNI_MUSICO, ID_GRUPO)VALUES('89246502Q', 22);
INSERT INTO MUSICO_GRUPO(DNI_MUSICO, ID_GRUPO)VALUES('04430110B', 22);
INSERT INTO MUSICO_GRUPO(DNI_MUSICO, ID_GRUPO)VALUES('91561434K', 22);
INSERT INTO MUSICO_GRUPO(DNI_MUSICO, ID_GRUPO)VALUES('43877397K', 22);
INSERT INTO MUSICO_GRUPO(DNI_MUSICO, ID_GRUPO)VALUES('57410420M', 23);
INSERT INTO MUSICO_GRUPO(DNI_MUSICO, ID_GRUPO)VALUES('75518139P', 23);
INSERT INTO MUSICO_GRUPO(DNI_MUSICO, ID_GRUPO)VALUES('37149259G', 24);
INSERT INTO MUSICO_GRUPO(DNI_MUSICO, ID_GRUPO)VALUES('55728668J', 25);
INSERT INTO MUSICO_GRUPO(DNI_MUSICO, ID_GRUPO)VALUES('82253991B', 25);
INSERT INTO MUSICO_GRUPO(DNI_MUSICO, ID_GRUPO)VALUES('05856287G', 25);

--COMPOSITOR_CANCION
INSERT INTO COMPOSITOR_CANCION (DNI_MUSICO,ID_CANCION) VALUES ('19289235D',1);
INSERT INTO COMPOSITOR_CANCION (DNI_MUSICO,ID_CANCION) VALUES ('19289235D',2);
INSERT INTO COMPOSITOR_CANCION (DNI_MUSICO,ID_CANCION) VALUES ('19289235D',3);
INSERT INTO COMPOSITOR_CANCION (DNI_MUSICO,ID_CANCION) VALUES ('60853212L',4);
INSERT INTO COMPOSITOR_CANCION (DNI_MUSICO,ID_CANCION) VALUES ('60853212L',5);
INSERT INTO COMPOSITOR_CANCION (DNI_MUSICO,ID_CANCION) VALUES ('60853212L',6);
INSERT INTO COMPOSITOR_CANCION (DNI_MUSICO,ID_CANCION) VALUES ('41679098Q',7);
INSERT INTO COMPOSITOR_CANCION (DNI_MUSICO,ID_CANCION) VALUES ('41679098Q',8);
INSERT INTO COMPOSITOR_CANCION (DNI_MUSICO,ID_CANCION) VALUES ('41679098Q',9);
INSERT INTO COMPOSITOR_CANCION (DNI_MUSICO,ID_CANCION) VALUES ('25801802B',10);
INSERT INTO COMPOSITOR_CANCION (DNI_MUSICO,ID_CANCION) VALUES ('25801802B',11);
INSERT INTO COMPOSITOR_CANCION (DNI_MUSICO,ID_CANCION) VALUES ('25801802B',12);
INSERT INTO COMPOSITOR_CANCION (DNI_MUSICO,ID_CANCION) VALUES ('14630059N',13);
INSERT INTO COMPOSITOR_CANCION (DNI_MUSICO,ID_CANCION) VALUES ('14630059N',14);
INSERT INTO COMPOSITOR_CANCION (DNI_MUSICO,ID_CANCION) VALUES ('14630059N',15);
INSERT INTO COMPOSITOR_CANCION (DNI_MUSICO,ID_CANCION) VALUES ('18930909T',16);
INSERT INTO COMPOSITOR_CANCION (DNI_MUSICO,ID_CANCION) VALUES ('18930909T',17);
INSERT INTO COMPOSITOR_CANCION (DNI_MUSICO,ID_CANCION) VALUES ('18930909T',18);
INSERT INTO COMPOSITOR_CANCION (DNI_MUSICO,ID_CANCION) VALUES ('78115588K',19);
INSERT INTO COMPOSITOR_CANCION (DNI_MUSICO,ID_CANCION) VALUES ('78115588K',20);
INSERT INTO COMPOSITOR_CANCION (DNI_MUSICO,ID_CANCION) VALUES ('78115588K',21);
INSERT INTO COMPOSITOR_CANCION (DNI_MUSICO,ID_CANCION) VALUES ('04681379M',22);
INSERT INTO COMPOSITOR_CANCION (DNI_MUSICO,ID_CANCION) VALUES ('04681379M',23);
INSERT INTO COMPOSITOR_CANCION (DNI_MUSICO,ID_CANCION) VALUES ('04681379M',24);
INSERT INTO COMPOSITOR_CANCION (DNI_MUSICO,ID_CANCION) VALUES ('26086445Y',25);
INSERT INTO COMPOSITOR_CANCION (DNI_MUSICO,ID_CANCION) VALUES ('26086445Y',26);
INSERT INTO COMPOSITOR_CANCION (DNI_MUSICO,ID_CANCION) VALUES ('26086445Y',27);
INSERT INTO COMPOSITOR_CANCION (DNI_MUSICO,ID_CANCION) VALUES ('15607145N',28);
INSERT INTO COMPOSITOR_CANCION (DNI_MUSICO,ID_CANCION) VALUES ('15607145N',29);
INSERT INTO COMPOSITOR_CANCION (DNI_MUSICO,ID_CANCION) VALUES ('15607145N',30);
INSERT INTO COMPOSITOR_CANCION (DNI_MUSICO,ID_CANCION) VALUES ('81234005Y',31);
INSERT INTO COMPOSITOR_CANCION (DNI_MUSICO,ID_CANCION) VALUES ('81234005Y',32);
INSERT INTO COMPOSITOR_CANCION (DNI_MUSICO,ID_CANCION) VALUES ('81234005Y',33);
INSERT INTO COMPOSITOR_CANCION (DNI_MUSICO,ID_CANCION) VALUES ('86471999A',34);
INSERT INTO COMPOSITOR_CANCION (DNI_MUSICO,ID_CANCION) VALUES ('86471999A',35);
INSERT INTO COMPOSITOR_CANCION (DNI_MUSICO,ID_CANCION) VALUES ('86471999A',36);
INSERT INTO COMPOSITOR_CANCION (DNI_MUSICO,ID_CANCION) VALUES ('00723665Q',37);
INSERT INTO COMPOSITOR_CANCION (DNI_MUSICO,ID_CANCION) VALUES ('00723665Q',38);
INSERT INTO COMPOSITOR_CANCION (DNI_MUSICO,ID_CANCION) VALUES ('00723665Q',39);
INSERT INTO COMPOSITOR_CANCION (DNI_MUSICO,ID_CANCION) VALUES ('69860457G',40);
INSERT INTO COMPOSITOR_CANCION (DNI_MUSICO,ID_CANCION) VALUES ('69860457G',41);
INSERT INTO COMPOSITOR_CANCION (DNI_MUSICO,ID_CANCION) VALUES ('69860457G',42);
INSERT INTO COMPOSITOR_CANCION (DNI_MUSICO,ID_CANCION) VALUES ('92524441H',43);
INSERT INTO COMPOSITOR_CANCION (DNI_MUSICO,ID_CANCION) VALUES ('92524441H',44);
INSERT INTO COMPOSITOR_CANCION (DNI_MUSICO,ID_CANCION) VALUES ('92524441H',45);
INSERT INTO COMPOSITOR_CANCION (DNI_MUSICO,ID_CANCION) VALUES ('52257819W',46);
INSERT INTO COMPOSITOR_CANCION (DNI_MUSICO,ID_CANCION) VALUES ('52257819W',47);
INSERT INTO COMPOSITOR_CANCION (DNI_MUSICO,ID_CANCION) VALUES ('52257819W',48);
INSERT INTO COMPOSITOR_CANCION (DNI_MUSICO,ID_CANCION) VALUES ('21207485J',49);
INSERT INTO COMPOSITOR_CANCION (DNI_MUSICO,ID_CANCION) VALUES ('21207485J',50);
INSERT INTO COMPOSITOR_CANCION (DNI_MUSICO,ID_CANCION) VALUES ('21207485J',51);
INSERT INTO COMPOSITOR_CANCION (DNI_MUSICO,ID_CANCION) VALUES ('91203780V',52);
INSERT INTO COMPOSITOR_CANCION (DNI_MUSICO,ID_CANCION) VALUES ('91203780V',53);
INSERT INTO COMPOSITOR_CANCION (DNI_MUSICO,ID_CANCION) VALUES ('91203780V',54);
INSERT INTO COMPOSITOR_CANCION (DNI_MUSICO,ID_CANCION) VALUES ('83899683F',55);
INSERT INTO COMPOSITOR_CANCION (DNI_MUSICO,ID_CANCION) VALUES ('83899683F',56);
INSERT INTO COMPOSITOR_CANCION (DNI_MUSICO,ID_CANCION) VALUES ('83899683F',57);
INSERT INTO COMPOSITOR_CANCION (DNI_MUSICO,ID_CANCION) VALUES ('65681629T',58);
INSERT INTO COMPOSITOR_CANCION (DNI_MUSICO,ID_CANCION) VALUES ('65681629T',59);
INSERT INTO COMPOSITOR_CANCION (DNI_MUSICO,ID_CANCION) VALUES ('65681629T',60);
INSERT INTO COMPOSITOR_CANCION (DNI_MUSICO,ID_CANCION) VALUES ('89517953K',61);
INSERT INTO COMPOSITOR_CANCION (DNI_MUSICO,ID_CANCION) VALUES ('89517953K',62);
INSERT INTO COMPOSITOR_CANCION (DNI_MUSICO,ID_CANCION) VALUES ('89517953K',63);
INSERT INTO COMPOSITOR_CANCION (DNI_MUSICO,ID_CANCION) VALUES ('14673528B',64);
INSERT INTO COMPOSITOR_CANCION (DNI_MUSICO,ID_CANCION) VALUES ('14673528B',65);

-- COMPRA
INSERT INTO COMPRA(PUNTOS_GANADOS, PUNTOS_GASTADOS)
VALUES(10,0);
INSERT INTO COMPRA(PUNTOS_GANADOS, PUNTOS_GASTADOS)
VALUES(5,0);
INSERT INTO COMPRA(PUNTOS_GANADOS, PUNTOS_GASTADOS)
VALUES(30,0);
INSERT INTO COMPRA(PUNTOS_GANADOS, PUNTOS_GASTADOS)
VALUES(15,0);
INSERT INTO COMPRA(PUNTOS_GANADOS, PUNTOS_GASTADOS)
VALUES(20,0);
INSERT INTO COMPRA(PUNTOS_GANADOS, PUNTOS_GASTADOS)
VALUES(0,10);
INSERT INTO COMPRA(PUNTOS_GANADOS, PUNTOS_GASTADOS)
VALUES(30,0);
INSERT INTO COMPRA(PUNTOS_GANADOS, PUNTOS_GASTADOS)
VALUES(40,0);
INSERT INTO COMPRA(PUNTOS_GANADOS, PUNTOS_GASTADOS)
VALUES(50,0);
INSERT INTO COMPRA(PUNTOS_GANADOS, PUNTOS_GASTADOS)
VALUES(10,0);
INSERT INTO COMPRA(PUNTOS_GANADOS, PUNTOS_GASTADOS)
VALUES(5,0);
INSERT INTO COMPRA(PUNTOS_GANADOS, PUNTOS_GASTADOS)
VALUES(15,0);
INSERT INTO COMPRA(PUNTOS_GANADOS, PUNTOS_GASTADOS)
VALUES(15,0);
INSERT INTO COMPRA(PUNTOS_GANADOS, PUNTOS_GASTADOS)
VALUES(15,0);
INSERT INTO COMPRA(PUNTOS_GANADOS, PUNTOS_GASTADOS)
VALUES(0,20);
INSERT INTO COMPRA(PUNTOS_GANADOS, PUNTOS_GASTADOS)
VALUES(0,30);
INSERT INTO COMPRA(PUNTOS_GANADOS, PUNTOS_GASTADOS)
VALUES(0,40);
INSERT INTO COMPRA(PUNTOS_GANADOS, PUNTOS_GASTADOS)
VALUES(0,45);
INSERT INTO COMPRA(PUNTOS_GANADOS, PUNTOS_GASTADOS)
VALUES(10,0);
INSERT INTO COMPRA(PUNTOS_GANADOS, PUNTOS_GASTADOS)
VALUES(15,0);
INSERT INTO COMPRA(PUNTOS_GANADOS, PUNTOS_GASTADOS)
VALUES(15,0);
INSERT INTO COMPRA(PUNTOS_GANADOS, PUNTOS_GASTADOS)
VALUES(20,0);
INSERT INTO COMPRA(PUNTOS_GANADOS, PUNTOS_GASTADOS)
VALUES(20,0);
INSERT INTO COMPRA(PUNTOS_GANADOS, PUNTOS_GASTADOS)
VALUES(20,0);
INSERT INTO COMPRA(PUNTOS_GANADOS, PUNTOS_GASTADOS)
VALUES(20,0);
INSERT INTO COMPRA(PUNTOS_GANADOS, PUNTOS_GASTADOS)
VALUES(20,0);
INSERT INTO COMPRA(PUNTOS_GANADOS, PUNTOS_GASTADOS)
VALUES(10,0);
INSERT INTO COMPRA(PUNTOS_GANADOS, PUNTOS_GASTADOS)
VALUES(5,0);
INSERT INTO COMPRA(PUNTOS_GANADOS, PUNTOS_GASTADOS)
VALUES(30,0);
INSERT INTO COMPRA(PUNTOS_GANADOS, PUNTOS_GASTADOS)
VALUES(15,0);
INSERT INTO COMPRA(PUNTOS_GANADOS, PUNTOS_GASTADOS)
VALUES(20,0);
INSERT INTO COMPRA(PUNTOS_GANADOS, PUNTOS_GASTADOS)
VALUES(0,10);
INSERT INTO COMPRA(PUNTOS_GANADOS, PUNTOS_GASTADOS)
VALUES(30,0);
INSERT INTO COMPRA(PUNTOS_GANADOS, PUNTOS_GASTADOS)
VALUES(40,0);
INSERT INTO COMPRA(PUNTOS_GANADOS, PUNTOS_GASTADOS)
VALUES(50,0);
INSERT INTO COMPRA(PUNTOS_GANADOS, PUNTOS_GASTADOS)
VALUES(10,0);
INSERT INTO COMPRA(PUNTOS_GANADOS, PUNTOS_GASTADOS)
VALUES(5,0);
INSERT INTO COMPRA(PUNTOS_GANADOS, PUNTOS_GASTADOS)
VALUES(15,0);
INSERT INTO COMPRA(PUNTOS_GANADOS, PUNTOS_GASTADOS)
VALUES(15,0);
INSERT INTO COMPRA(PUNTOS_GANADOS, PUNTOS_GASTADOS)
VALUES(15,0);
INSERT INTO COMPRA(PUNTOS_GANADOS, PUNTOS_GASTADOS)
VALUES(0,20);
INSERT INTO COMPRA(PUNTOS_GANADOS, PUNTOS_GASTADOS)
VALUES(0,30);
INSERT INTO COMPRA(PUNTOS_GANADOS, PUNTOS_GASTADOS)
VALUES(0,40);
INSERT INTO COMPRA(PUNTOS_GANADOS, PUNTOS_GASTADOS)
VALUES(0,45);
INSERT INTO COMPRA(PUNTOS_GANADOS, PUNTOS_GASTADOS)
VALUES(10,0);
INSERT INTO COMPRA(PUNTOS_GANADOS, PUNTOS_GASTADOS)
VALUES(15,0);
INSERT INTO COMPRA(PUNTOS_GANADOS, PUNTOS_GASTADOS)
VALUES(15,0);
INSERT INTO COMPRA(PUNTOS_GANADOS, PUNTOS_GASTADOS)
VALUES(20,0);
INSERT INTO COMPRA(PUNTOS_GANADOS, PUNTOS_GASTADOS)
VALUES(20,0);
INSERT INTO COMPRA(PUNTOS_GANADOS, PUNTOS_GASTADOS)
VALUES(20,0);
INSERT INTO COMPRA(PUNTOS_GANADOS, PUNTOS_GASTADOS)
VALUES(20,0);
INSERT INTO COMPRA(PUNTOS_GANADOS, PUNTOS_GASTADOS)
VALUES(20,0);

-- USUARIO_COMPRA


-- COMPRA_ENTRADA
INSERT INTO COMPRA_ENTRADA(ID_COMPRA,ID_ENTRADA)VALUES(1, 3);
INSERT INTO COMPRA_ENTRADA(ID_COMPRA,ID_ENTRADA)VALUES(2, 3);
INSERT INTO COMPRA_ENTRADA(ID_COMPRA,ID_ENTRADA)VALUES(4, 5);
INSERT INTO COMPRA_ENTRADA(ID_COMPRA,ID_ENTRADA)VALUES(6, 5);
INSERT INTO COMPRA_ENTRADA(ID_COMPRA,ID_ENTRADA)VALUES(7, 5);
INSERT INTO COMPRA_ENTRADA(ID_COMPRA,ID_ENTRADA)VALUES(8, 5);
INSERT INTO COMPRA_ENTRADA(ID_COMPRA,ID_ENTRADA)VALUES(9, 5);
INSERT INTO COMPRA_ENTRADA(ID_COMPRA,ID_ENTRADA)VALUES(12, 5);
INSERT INTO COMPRA_ENTRADA(ID_COMPRA,ID_ENTRADA)VALUES(13, 10);
INSERT INTO COMPRA_ENTRADA(ID_COMPRA,ID_ENTRADA)VALUES(17, 10);
INSERT INTO COMPRA_ENTRADA(ID_COMPRA,ID_ENTRADA)VALUES(18, 10);
INSERT INTO COMPRA_ENTRADA(ID_COMPRA,ID_ENTRADA)VALUES(20, 18);
INSERT INTO COMPRA_ENTRADA(ID_COMPRA,ID_ENTRADA)VALUES(21, 18);
INSERT INTO COMPRA_ENTRADA(ID_COMPRA,ID_ENTRADA)VALUES(22, 18);
INSERT INTO COMPRA_ENTRADA(ID_COMPRA,ID_ENTRADA)VALUES(23, 18);
INSERT INTO COMPRA_ENTRADA(ID_COMPRA,ID_ENTRADA)VALUES(24, 18);
INSERT INTO COMPRA_ENTRADA(ID_COMPRA,ID_ENTRADA)VALUES(30, 13);
INSERT INTO COMPRA_ENTRADA(ID_COMPRA,ID_ENTRADA)VALUES(31, 13);
INSERT INTO COMPRA_ENTRADA(ID_COMPRA,ID_ENTRADA)VALUES(32, 13);
INSERT INTO COMPRA_ENTRADA(ID_COMPRA,ID_ENTRADA)VALUES(39, 16);
INSERT INTO COMPRA_ENTRADA(ID_COMPRA,ID_ENTRADA)VALUES(42, 12);
